player_id,game_id,achievement_id,time_id,completion_time,score_earned
33,4,48,6779656f-789b-4936-b63e-1fced3578596,2887,31
15,5,45,1d54927d-e206-4dab-a61d-a0536be131f4,519,54
8,10,38,531c64e3-2748-4755-9d0a-771835a0f9ba,1027,76
10,3,17,1cf09e3d-f530-4cc9-b895-a30275cdf1e8,2362,14
98,4,17,7253993b-1183-4585-8f6f-63c2e57a38fa,2027,59
57,9,25,f7d8364c-0579-4f8e-9f56-cb7ceaccacd0,459,34
83,9,11,00c71ea8-4931-4f04-9757-6299ea9c192d,998,22
97,10,28,0fee6d58-f180-49ee-bb6e-c825c0ea3d0a,1522,85
21,3,49,8a8895e4-411f-4e60-a396-7efb3b54ea8c,1560,100
32,6,36,92a3f557-9e0a-4b78-9647-c93d764092c6,284,50
2,7,18,1aa94439-0d60-425e-972a-1c1ead0fe2fc,2252,80
30,2,4,65a545c6-dcd2-4c97-818f-26956fb57b48,1514,11
14,6,34,9a5834f4-3ee4-4ecd-942f-75a086cf3cf2,2821,33
65,8,20,f4a55f3c-e8d7-4324-8bfa-492d7f63e8af,2220,77
8,10,7,12e36dbd-17d8-4158-b1e0-c4a5282f7625,108,17
84,5,49,42a8f1a8-213f-4929-b75d-c8b9c33cb2c1,1076,14
66,9,37,c9309025-3c8b-4aee-a603-74f9a519dd92,1967,84
5,7,18,58d29153-944c-4e2c-95da-ce0b3c9e7a18,2754,55
36,1,47,020c9a65-a308-49b3-8b0c-0f9bbb083932,2598,97
67,7,36,07c22784-23cc-49dc-8fe3-7de6add0eef4,709,75
8,2,48,8ef3c889-122f-419b-bd20-0517dc71a370,79,99
30,8,27,25ab50c8-3ac4-41f6-91fa-bec986e5a6d9,2358,90
23,1,33,7435d555-b13e-436c-8788-01a2c85e7f9f,1710,48
31,9,44,5e8118b3-f1e3-44a7-9dc6-2c46e18fff46,3037,29
22,5,12,128b1b8e-d2cf-42c8-af8d-22a8296ec01d,702,26
59,9,34,ed80d899-1adf-4303-a23a-5411bcfbab0f,2623,37
43,7,27,12ce08f1-f48f-46ac-a6a6-55dc02781465,811,94
21,6,41,4cdef1d6-8298-4deb-9bc3-4139222a1e9e,1229,82
50,9,37,3c634dae-5562-42f1-9cec-c70c1009eafd,2097,15
75,4,38,a2101bc3-e155-4a2a-aad6-1c22a7f7a6e2,3005,97
8,6,27,064e9e71-5e23-46b1-8713-2f282aa6a136,2403,29
52,10,17,3875de2d-b6c7-4ae0-9990-b69d18dda5d0,3522,44
50,5,38,4da787d9-8949-4320-91f2-83cb90457d01,2980,20
58,4,11,eabeaf6b-49dd-48ba-94e3-2d7911d389de,1140,87
34,5,6,9a35aac9-6698-4f39-ba77-d3f59ca82e52,2280,41
77,3,24,8ada6c4f-add8-45c5-85e0-aeba4daf13e8,84,79
49,9,24,05fabce7-82c1-4f9a-9375-a5acf7735977,2086,58
65,7,1,65a545c6-dcd2-4c97-818f-26956fb57b48,2168,58
84,10,4,7568a964-3c93-4091-9031-46618d697079,956,58
5,5,2,d15790d3-bb78-4b70-84ca-80ba4e79cd69,827,48
55,6,22,3e4157c5-68e6-43d6-9113-28204713dac8,713,52
84,10,4,13ca48c9-b7a5-4afe-8f12-6dee7ef7f909,318,29
30,5,20,a1392825-1f6e-4b09-8f2e-485b43b60c94,2165,61
78,2,44,2b6deba5-289d-4d1e-a0d4-2448422e38f7,2388,39
62,4,50,9146ed24-cc53-4be0-9b5a-bccf115b335a,2165,24
45,10,4,0d7df79f-6f54-458c-a6c1-0dc379079846,3382,60
97,3,34,6b7e1e41-a927-46b6-8c5e-e5c393190461,1691,29
66,10,14,755ad55b-1045-4532-8107-c1f01411b644,2819,35
63,7,14,d3ea9613-0fcc-4dfe-815e-5e1b72b9d42f,418,41
99,9,3,a9c8630e-b3bd-4cef-b4ea-5f7f67890f7e,2621,52
35,10,27,aea06cb9-3042-451c-8c46-3fa8c12ac410,3205,32
64,6,26,00ff4117-6dd5-4770-aded-a7728874f8fc,583,48
47,3,33,3a546130-974f-4067-9795-3b57ef65f03a,950,78
32,9,38,79f0d86b-8814-4afc-8444-5cdc7ba18b8c,2251,93
1,9,2,9334d25f-5477-440a-b320-cb5ae27b38d8,487,67
19,3,46,bcc327cb-8436-45b3-af14-7907441ef6ff,3046,83
77,10,5,8c18392a-6f71-4565-9cc9-3563be6c8d23,3228,86
38,9,47,8028b1b4-ccdd-4341-aac5-d88d15610b64,2623,66
91,7,11,a84ef8c1-be7a-4426-bfb1-14c2de872553,1276,81
52,10,47,99871a91-a6c5-477e-9152-c851c1bbff91,1307,57
51,7,39,523af1d3-2e13-4f60-b238-07e0b5e70d2f,180,21
1,10,33,447c28dc-fbd2-4520-8c3f-9aed67a407ba,1999,54
10,3,10,48106fea-1b22-477a-a615-905454309e2f,2325,72
90,5,23,3053f674-b81c-4dfc-ab21-ac3c4b6ad9a7,154,97
71,10,25,5dafa49c-dbb9-4252-b2b9-44c01f1d4778,3005,41
39,5,15,60739f6b-bcf5-412a-9e38-6fb7676bd73d,1780,26
99,2,9,0bad94b0-4d12-4279-a662-63fca876d460,689,36
53,8,42,ef18820c-9a63-4734-94c8-2e8d422fcd51,2758,75
5,4,41,2fbea6cd-db79-4495-bca0-459f95a74f37,950,11
13,6,6,5b7fcc5c-1b97-44bf-b738-06feb2991444,950,99
94,5,37,d4763f92-0414-4b4e-85f7-c1b7c9bf2e09,2654,91
70,6,46,373e8dbb-5efe-491e-a64a-953a4986d931,2310,27
17,2,10,2a0f04a5-b4dd-4911-ab15-68950f68b70f,356,66
93,7,40,2c39f0de-00f0-4651-bf1d-d8795cc5c24c,2245,80
62,1,40,d8a07045-7615-4ae5-9d91-7b6bea6242c1,2573,42
8,6,39,76259597-d23e-469d-8593-67ca41ed91fa,512,81
67,6,11,0b7f83dc-1ad7-4e75-9cc5-9fdee51ed1de,3405,43
65,3,5,a7457499-5dbd-4ffc-af7a-a5c76eb6131b,2945,36
50,3,29,3b887bba-eeac-4481-9688-96de2ae0cf0e,1469,54
42,8,50,ff09e4c4-5f8c-4c68-b039-1f04b0f6990a,906,22
95,6,29,36fa6b73-eac6-4ed6-8875-8e4ec25ce193,2691,68
58,9,34,19ffeb00-0790-40fb-985d-1b54ddd893e0,3022,33
62,9,39,9d320ab5-477d-43e8-9704-0b6ce2467e2b,1157,81
57,4,21,02b0c140-00ab-41e3-9d86-e7315733f31b,2728,44
88,2,44,7282d3e9-9232-4a7e-bedf-4a533ebcaa27,2475,81
38,2,25,c574cde8-efd3-4cfe-bc81-9b5c7e09057d,1262,63
98,4,27,49bccf5c-3cae-4a6e-ae2d-9670bb7ad3e9,2708,79
96,4,34,303e315e-0850-463d-bcd7-90ef5c8bd35a,702,59
88,10,36,83bdab3e-314b-424b-9ed2-e7587c29fff4,2648,78
26,7,47,4c1f903e-4b8e-422c-97ec-e22772129f52,960,61
90,5,5,2b0ca9dc-4bc9-4a15-909a-aae94a61b219,1521,27
30,9,32,bcc327cb-8436-45b3-af14-7907441ef6ff,1448,27
1,4,25,c9b0944c-43d8-4449-aeda-f34f8fd2a140,3593,73
86,2,3,2a0f04a5-b4dd-4911-ab15-68950f68b70f,75,93
99,6,28,6ca0063c-e8c4-4fc7-8d8c-39081a6c2d32,2039,77
43,4,12,93c8dbb8-8d05-483c-9525-4ed65964e56b,476,38
48,6,37,177d8e46-2b6d-439b-8395-5d9afd188ac3,2918,65
25,9,38,9a5b36b5-f111-45a8-8202-7bc522a7da03,3489,45
64,9,25,77ee374f-7a45-4894-ada6-7e3cbbcb560f,2001,84
5,5,17,2eec2691-5896-437b-ad5a-b9a73fa34846,928,51
40,10,47,cd8b91a0-82f3-4160-8ede-2d81702f8df6,2299,41
19,4,33,bc9d34ae-26a6-467a-a7c9-15c0b01e9a49,962,38
72,7,11,56c45992-dee5-431d-829a-6688d141ca86,2639,20
40,6,3,d2d25a7c-a833-44c9-9411-01b7950f1e11,1932,14
43,4,39,d37990a0-8895-44cb-846a-285091114427,1990,30
31,4,30,79cc99b3-b106-4884-983a-a828b280f358,2451,94
63,4,5,0249481e-7139-443c-9099-dc0db4a37f99,3107,64
77,10,7,ba0a9c93-46d1-4eb5-9b86-7e0ccd867ba1,856,42
10,1,23,85be4aaa-f5a6-4516-b2c4-632c6d7f974c,2937,54
2,1,7,b022ceac-5d7d-4025-9451-f1b8064b6cf4,1017,90
80,4,12,e0f5e84c-2f08-4ccf-b5ea-862115ce949f,3011,80
50,5,1,7ed9b638-8af3-4d90-a727-ea8cdc040ce0,3319,94
94,8,34,d7167798-f01a-4e73-8f5b-15f611aff012,3136,56
46,4,13,951c9179-7e23-41e2-8f9e-28efb443df88,3050,13
36,6,47,378c18b4-bf26-44ef-af77-427f8ef36611,1116,45
8,2,32,8a8895e4-411f-4e60-a396-7efb3b54ea8c,2915,25
62,3,18,18f476c5-a42c-40ab-9b0a-d84e955c8218,2450,39
53,6,50,a0579dc5-5501-4252-8938-a8224757448d,932,72
82,9,15,ccc5bb1e-24f1-4488-ae76-c1c34ab80246,1450,79
59,10,13,7a78d14a-ffb0-48f5-a35d-3305c713e864,1860,31
10,2,8,aad8a5ae-9cbe-47a2-bcf3-74fbdf126fd2,2449,18
96,4,49,718643eb-009d-471c-8d5a-faa53f9f135f,145,44
36,7,2,5d5136c3-b281-4388-8f2c-3f1915b22483,2423,75
19,7,42,2a0f04a5-b4dd-4911-ab15-68950f68b70f,3423,41
70,7,47,a328fcb2-6049-4c56-8323-f1951a60909b,213,81
87,8,24,34cc5458-6b40-4b5e-95a1-043a704d08f2,3517,38
69,3,40,d28ff53b-26dc-4814-8567-effc4ddb017b,2326,23
21,6,18,85be4aaa-f5a6-4516-b2c4-632c6d7f974c,279,91
20,7,19,14cb2253-ddf5-48b1-8828-96cf0000765e,2809,56
6,6,38,19d115cd-c117-4419-9695-11b76d071c91,322,94
22,6,49,b7a47ca6-5c4d-4baa-9b8a-3338d8c1f74d,1037,29
59,9,14,329ae250-a712-44d9-8bba-6336b8772327,893,17
50,10,48,d8a07045-7615-4ae5-9d91-7b6bea6242c1,1184,43
3,3,6,15d292f4-86d4-47cb-b416-21b2165af6b2,1713,49
11,4,37,34daf71d-6097-4308-bad6-c6ba48c8afe2,3039,48
56,8,18,92a3f557-9e0a-4b78-9647-c93d764092c6,750,48
80,9,18,89f80eec-b8d5-416f-8c7f-70ab486b9902,1602,13
24,2,46,9146ed24-cc53-4be0-9b5a-bccf115b335a,3272,37
73,2,8,a50fb639-eea8-4f29-b5b1-2190dd67f272,2941,45
83,3,2,2adbfb90-f128-48ee-b96b-08efc7384471,1976,38
2,7,27,d443d98e-4cd4-4eea-a7e7-1d74d9c27be4,82,95
35,2,18,e4c44f2f-f61b-487e-a9cb-ba3a81617099,1121,40
83,1,41,94a7bd3c-36f0-4604-948b-25aaf01f287b,823,96
33,4,23,bf12ceec-30d2-4b7a-b659-8131bc0242e4,1339,75
58,1,43,0b7f83dc-1ad7-4e75-9cc5-9fdee51ed1de,3299,65
15,9,38,d300bfe5-2414-41b8-9c59-1265c58f04ba,158,84
4,10,18,317b80e0-d573-4d98-b92f-4453426eae48,418,91
43,1,29,35859bf0-23f3-4591-9ef8-f2754997edb1,206,17
24,1,4,f954ec7f-251d-4aaa-9cbb-615ff127b0db,3255,19
6,6,21,ed74ecdc-7ca1-4914-b661-94c7c296ffb7,1799,24
16,4,7,ccc39bae-2600-4e57-9069-b1edc7f94e9a,1624,51
24,1,9,e88c84eb-de4e-48df-9da0-f4a1f2dcca11,3422,29
64,7,18,ca980a49-ebb6-4450-8148-bfa6c78de8fb,763,10
1,10,15,a17dbad5-bcd9-4836-b8b0-88371e78ba45,1811,29
26,10,13,11438fb8-81d3-4a11-8010-9dd4a6384169,1408,30
11,4,27,aea06cb9-3042-451c-8c46-3fa8c12ac410,1066,42
60,10,12,7282d3e9-9232-4a7e-bedf-4a533ebcaa27,2993,95
90,8,50,49d5890f-7371-4860-a04d-b536884337df,307,52
22,5,48,b5d327e5-f952-4c84-8bea-2e3278a9f203,732,32
32,6,21,05753716-1d51-4731-8790-13afcc446c42,283,27
19,6,35,47d058b4-0f31-44e7-97b1-1a0602e77e07,766,42
24,4,6,ad234b76-52d2-484a-98e0-e77987832c0e,500,20
23,5,18,593f2b0d-d061-42ed-9669-7133b3b44df5,2469,15
19,10,37,91c7a4a7-e49b-4346-a515-a2789e100f04,3410,93
43,9,31,c5b3e57c-7ee3-4803-8bdc-020860e93c09,1923,26
54,1,42,386d5686-26df-4a4b-af65-037a862fc49b,1360,31
90,8,10,8bf80bf4-f5c1-46ac-8720-f1c5f321ee4a,3525,88
37,8,26,8a05746a-f1a0-4c5b-8bdd-579375e07418,490,75
79,7,50,1f93c8ba-f9b6-4ac8-bb03-04ad00e7215d,2471,95
61,4,42,2fd4cac4-c706-46d8-98c6-3df3905df507,2329,73
98,6,42,7a403da9-ceb2-4997-949a-3f99c8aaf7f0,3324,17
61,4,47,c52faab8-e47f-46f6-94b0-8906173142d6,700,56
63,10,14,447c28dc-fbd2-4520-8c3f-9aed67a407ba,3173,47
22,7,48,ea610c86-22dc-4537-b756-6125dfeb0b9a,3026,94
74,2,40,77863bae-fcb9-47dc-9588-74616c831ed4,515,46
88,1,2,7d32d009-4d6c-4fd9-9a05-59ab98a390e2,3064,27
80,6,43,36fa6b73-eac6-4ed6-8875-8e4ec25ce193,882,41
12,8,25,95bcdc34-5c7f-484a-a298-a28c982cfab6,2289,34
58,1,9,fdfa0c81-d241-4c3a-b905-5a23e0f26532,1496,45
37,10,21,b5d327e5-f952-4c84-8bea-2e3278a9f203,2950,84
75,3,17,81367c4f-0b5d-4cab-8b26-054f1b09a246,2691,21
100,6,1,d15e4e99-5959-436f-8493-3bacda9a4a1f,2207,21
89,2,12,00fbc43e-907b-406f-bde1-072e811ca4ff,121,36
31,3,37,3875de2d-b6c7-4ae0-9990-b69d18dda5d0,405,12
37,5,50,e0ba40eb-cdbe-47c0-a671-b0d572eb2cd7,1740,65
18,5,5,b8534620-77c9-492c-9bcf-a83e4e8a223f,629,42
83,8,5,c45ad507-3a88-4c18-9940-3d164e43dc96,354,72
29,6,5,d9c7e1f9-9dcc-445a-a2c3-51b1985e7595,2304,72
61,4,24,6c436306-28c4-459b-883e-7e55f7d45d68,446,67
58,2,43,46198391-f45f-406d-8eba-3ee8cbc376f4,3462,89
14,7,32,61da9b63-4bb4-46ef-8c9b-285d306488d5,1191,41
72,1,35,12ce08f1-f48f-46ac-a6a6-55dc02781465,1690,97
89,10,13,8c18392a-6f71-4565-9cc9-3563be6c8d23,1371,90
31,2,41,9a559d37-e5ed-460d-a9ef-a2430b7323fd,3044,73
66,2,19,95d0930a-0791-4b1d-9780-958645665683,3260,53
48,8,37,7fb19248-6297-4fd4-9987-7fd6d51ce7ad,2308,77
89,4,7,4bc28ef0-4df5-46ca-99c9-dc5eecdc0387,2988,16
1,5,40,acb37748-5b27-484a-8e82-bf417133d78e,3203,59
43,8,6,a4d3046a-7e5f-45b1-bcf8-2553714c68fe,3382,46
1,3,18,bc0641ca-493a-41f4-a6fa-30f74738c9d7,2499,61
23,7,20,6a0ee6bf-6cb4-4ae6-866d-374e242fce85,3199,85
78,5,4,161258b2-3bf8-4610-9c5c-104283a729bd,2239,10
19,2,33,980ad9f5-2f87-49bf-becb-89bb88c938ab,2282,15
39,4,40,cddabf97-57f5-4b2a-919b-60a86e747727,2136,25
40,10,36,ec75a1b2-2a0c-4cab-abe6-0ee70a1e91b3,2827,84
30,2,40,2a5ca2b2-8f63-4d7c-b0a3-041ff641a792,684,86
60,9,16,5f35a802-06d5-4969-bf90-81a65d6fd5a3,2918,67
55,4,36,d90c793e-965d-4e5c-bfe2-e2365a890a1e,2616,10
59,1,2,9966807e-b815-4e4e-b0b2-03e363c1fedf,492,10
83,6,36,dde54e8b-4247-4ced-9c1b-dfcc39f638f9,3444,17
67,8,33,25aef226-ca3c-4984-bf05-d0da863d4801,2754,41
83,8,41,935869e7-cf2e-4911-9ece-eab47c534c5d,2123,62
4,7,11,b7fa5b84-eb4f-4aa1-85a7-e6d9e2670ce9,1213,85
92,7,37,8fb3d42e-543f-4e21-99fe-0004a654c275,465,45
72,9,32,c9b0944c-43d8-4449-aeda-f34f8fd2a140,1953,72
92,9,24,317b80e0-d573-4d98-b92f-4453426eae48,1011,49
92,4,13,91c7a4a7-e49b-4346-a515-a2789e100f04,3129,20
65,7,44,631bddc4-23ad-44bc-ade9-bcde10952800,1242,32
65,5,45,c4c09362-5716-4f29-b746-2f755c1e0dec,3331,93
93,3,23,d90c793e-965d-4e5c-bfe2-e2365a890a1e,1010,14
63,6,50,ddc76685-3b8f-44ba-9e33-cf3d0d38aec4,2371,89
35,7,15,0110e291-9e7b-43b4-be47-e3722114a9b6,3193,24
39,7,6,c9f20ce7-7602-4d07-b16a-b50860c34ea4,1969,12
64,10,34,2a5ca2b2-8f63-4d7c-b0a3-041ff641a792,2386,73
50,4,48,1543119a-34bd-464a-8bf3-66de40d51cd7,232,39
7,7,48,5e6080b6-63f4-40ca-868b-ed85638e73b9,2204,11
49,6,49,f7dba28a-c76f-46b6-a9d8-b814388c9f1c,137,82
3,5,46,94493156-067a-451c-abb2-2137e1487d96,1374,81
88,4,1,ed80d899-1adf-4303-a23a-5411bcfbab0f,1522,49
25,1,3,c574cde8-efd3-4cfe-bc81-9b5c7e09057d,1950,15
2,7,13,c4c09362-5716-4f29-b746-2f755c1e0dec,2818,81
70,8,5,89f80eec-b8d5-416f-8c7f-70ab486b9902,1472,91
50,3,35,a6bd5d2d-1d90-49dd-ab68-930ef29c617a,857,78
30,2,39,0b392882-9e9d-435e-806f-db3819ec13cf,120,29
5,7,30,eabdd8c4-e99d-40f4-a5d9-263d900a2d02,522,62
62,2,10,9477b8f3-1a13-414b-941e-19230d6be9d2,3286,46
47,6,15,dbb3b212-3ee4-4943-8f77-a85571f1183c,1914,65
36,8,46,11cf1718-65ef-4171-99af-87ee79ebe129,988,69
60,5,34,83ddc3a1-9fe0-4f54-a4a1-2c21b91ad773,3075,70
60,5,40,020c9a65-a308-49b3-8b0c-0f9bbb083932,1255,70
99,1,16,943fd455-e1b3-4f6d-99e4-b92f2b635ddc,3430,100
48,10,30,c2523236-5b5b-47a2-9bb8-f7280adcccdd,3285,86
59,2,20,b89364e7-a008-4227-8bdc-322d6d1640e1,3556,27
44,8,32,7b0d9f88-6998-4bbf-92e8-f5983c56f3ec,2128,81
79,3,45,68d9d674-21a8-4af4-a4e9-18f0c2388ce9,187,70
86,1,17,6c499b70-d5eb-42cf-a11c-e3d270515391,1590,53
7,8,22,62dc1451-75d4-437d-8fc8-3a0819f58b13,1850,95
29,4,10,149e1526-46ce-4254-a0e4-76309eb0a813,295,100
29,7,24,e108c931-4c97-4663-b440-c3151edf2e14,1919,20
14,10,22,64ddea11-3443-4079-b094-38e075f2f3e6,1374,96
26,1,19,1f91c954-2e49-4ba9-8931-6f869af940b6,2775,60
31,10,32,ee94dbb9-32e8-49a9-9323-b201d16fa0fa,278,21
12,1,33,9404bc86-4d15-432a-a441-e500f3110694,1612,10
65,2,21,18393c70-72ca-49f6-ba69-fb4383e64310,853,44
95,8,30,3f7d5f59-737d-4bda-9cea-3b0beb70e1d4,838,96
92,9,23,1aee44ee-b84b-4ae0-a38f-213ef38ff33e,3080,13
25,10,16,e869fceb-5fc9-4b55-8733-a10d30ec4d4c,346,77
65,9,45,44ec422b-d27f-4eca-a07c-630e5e0e18bc,2509,95
46,7,18,496364f8-ed64-46fc-a1ce-b2433446b684,3382,39
18,8,24,ae639bd5-3bd5-47cf-8d84-c4f50ee91d21,2176,78
55,3,38,ec75a1b2-2a0c-4cab-abe6-0ee70a1e91b3,3200,37
48,10,13,8c422412-0a90-4e4e-86b2-6f0d8a698666,2747,57
24,9,31,7d5942df-65e6-4ed5-8208-3f9a923a30ef,341,73
71,5,44,892d0720-4abd-493e-bc86-59c1e3037d19,2991,61
9,8,8,e869fceb-5fc9-4b55-8733-a10d30ec4d4c,3101,94
69,9,36,887bce4a-81e8-4e09-b602-d5d09669b722,1421,69
30,6,14,c789d347-36c9-4303-99e7-d8c7ee78f264,384,79
33,5,31,addcea3e-c356-4b22-aba1-b60a6d0cfecf,1904,76
60,4,33,d28c3684-cd82-4165-8ba9-96353946b3f7,3082,62
92,10,36,92a3f557-9e0a-4b78-9647-c93d764092c6,2907,66
40,2,39,c3bbcb35-1b02-4c44-b82a-8c190e7f6319,905,36
55,6,24,d9abe857-c00e-4496-91a7-6c189b3cf1bd,3158,54
76,3,14,c5d4248b-1800-464f-979e-88695368547d,2803,25
17,9,36,48106fea-1b22-477a-a615-905454309e2f,3362,34
37,10,39,d4958bc0-1bbd-4ae6-b440-0b476ae4250e,2120,89
69,2,30,db62b44d-1b09-4d2c-802a-06174dae8360,2912,30
53,4,48,f89d73aa-7dde-45b5-9dc2-d2668975f121,3036,87
14,8,25,6b11a8df-15d4-44d2-84a7-cef59dc8e545,1857,87
12,9,7,cbc46c0c-4d1a-407e-ad27-33fdd3fabac5,1581,100
54,1,22,8030a6fa-cbde-41f1-af0a-82212d7c8122,969,71
89,5,15,39b3b5b2-a57c-4f7c-a9da-20caa422ea31,1823,71
71,7,25,6a9ae855-d147-4ac6-9365-96acb3c366f1,163,95
24,3,14,58b5e21d-9a88-4d7f-b201-06bc0fc1bc57,1263,57
72,8,25,60dcdad6-39e5-4ded-adf8-212fbe29c604,2474,33
55,5,39,e5ac1efb-5f13-4411-8445-03fe4da8bf69,2434,62
81,9,32,d52cf325-b88a-4731-9cd8-4fb129e0d2fc,1395,67
19,8,18,15233334-dfb3-49b2-b88f-be23a87009ee,2146,70
64,1,12,285fc913-c996-4bf1-ba2f-0673a1d37bc1,1904,60
97,10,3,bfc6c8a2-e665-417e-a500-753c63ec4194,722,51
54,1,37,6bebce1b-1842-401c-bc37-0ae0c34f9d92,2480,20
56,10,26,c9309025-3c8b-4aee-a603-74f9a519dd92,716,36
4,9,42,0a7afe3b-ba10-44a8-8cf2-2230b540a098,3023,49
14,6,43,7253993b-1183-4585-8f6f-63c2e57a38fa,2987,33
18,10,43,5d5136c3-b281-4388-8f2c-3f1915b22483,2637,73
70,3,10,6d668a7f-00ba-4afc-b00c-4d82c7807c45,1351,17
28,10,26,615c9081-da02-471e-876f-fc2c2e99cc1e,994,45
85,1,3,531c64e3-2748-4755-9d0a-771835a0f9ba,726,47
81,8,29,b611821e-fbc6-4722-82b3-1efbfd6d1278,1244,30
82,7,38,d7ec6652-781f-411c-b587-808b63b259bc,2004,70
97,2,46,aa8bd478-9a48-4563-9917-b5e305ea95ce,356,46
60,3,46,6b7e1e41-a927-46b6-8c5e-e5c393190461,1313,73
22,4,28,5469241f-035c-4abb-8864-703b1bdcdea8,439,14
52,10,1,2fa7fa08-9e1c-4953-b22a-c1a2ca1e9937,1729,75
75,2,22,2c25b6ff-e48e-48fe-bdbf-a04920b8e1ac,3420,46
44,10,41,3b563693-861d-44dd-8b91-439b8372a953,2911,35
69,8,21,69f73edd-52f4-40ab-b2be-ec8791bdc77f,3145,89
85,4,47,c3b0f6f0-e86e-4732-bd38-f12ffc9ec0c7,179,51
35,10,47,b75fcfbf-ab9e-4c4c-8d38-23585e228e7f,171,51
62,1,16,a4e8d541-97b3-4a3a-b23b-8ca3e64b7391,1320,27
89,2,40,71c2aa00-7302-4c2d-9d66-a925a99ec73b,677,83
78,6,38,0bbcfdae-e878-497f-9e45-54903022fe5f,2465,41
93,5,33,0a7afe3b-ba10-44a8-8cf2-2230b540a098,150,13
79,1,28,ced814e6-4a7b-48ec-b8ca-3810897b8033,2536,41
60,8,9,5ff52d29-374c-4ab8-8f40-d74ee88df9dd,1228,47
82,10,7,97675852-967d-47ea-8077-95d98f605a07,2948,41
1,3,10,25d6c2c0-f322-4dc9-8cc5-7650b3353ca5,3503,51
46,6,36,c45ad507-3a88-4c18-9940-3d164e43dc96,3261,76
34,5,37,c75250f8-531f-4ea9-91b6-7af56a2c3e39,1887,59
22,9,13,9d2f47e9-5a09-43ba-8715-067b7cce55aa,1810,73
49,6,48,5eb01732-12c0-4d90-990d-7266e4c37a95,2221,63
51,4,1,5296f230-f96a-4f9c-9a2d-fabf0706b724,611,66
53,9,45,c960adb3-00d8-46d7-a881-3c840d81be17,2966,86
60,9,10,63268eb6-690f-49a7-a611-19401b0e0e85,1501,77
94,3,38,36fa6b73-eac6-4ed6-8875-8e4ec25ce193,3394,76
18,6,50,b57bd7cd-342f-4610-8c84-d3bc2f4f26da,3423,29
82,4,6,2c39f0de-00f0-4651-bf1d-d8795cc5c24c,3095,81
79,2,2,fb684d2c-d87a-48a1-a509-1d6ea514626f,1189,51
7,6,11,6f9896f0-3946-45d1-ba49-5c9008805c0d,1464,76
46,3,6,0998da52-bf24-433b-af45-2f0aea2fcbad,418,80
64,3,34,9e29615f-8648-4628-91b9-64b99c75e8d6,3329,14
61,1,48,8c3228fd-10ef-4e4a-b530-8df8c72e013a,786,21
56,4,28,93a068a1-17ba-4ea9-99cf-c48ff89e2ed8,719,49
26,5,34,7811e294-dcb4-48ba-934e-58f7ddb08881,2136,35
40,3,13,58552fb6-03d3-4cc7-a33e-5d681f509384,3191,60
20,9,44,2fd4cac4-c706-46d8-98c6-3df3905df507,676,66
81,7,23,34221227-53a5-4177-8f0c-3d66482f1aa7,2833,23
72,9,22,e07e1ebf-1faa-4617-bc4b-a6338e032c80,1946,70
51,7,11,161258b2-3bf8-4610-9c5c-104283a729bd,614,92
60,3,22,226398f9-ccf0-47f3-b2aa-b94580290f7d,410,86
77,10,44,74c6d97a-72b5-4148-8563-8ba5614155a5,2283,34
32,4,11,e4d1919b-34fc-434e-97d0-d7d705e59015,2132,81
16,2,37,aaac1965-7391-456b-9cc0-42e98d080612,1739,68
3,8,45,03a1e420-8f8f-4df9-bbf7-b332524428ff,337,66
18,1,36,5ff52d29-374c-4ab8-8f40-d74ee88df9dd,193,67
8,2,29,c3b0f6f0-e86e-4732-bd38-f12ffc9ec0c7,1745,31
84,6,7,5806ab3d-85c4-46f7-9a47-8a57d0dc2bb8,376,37
57,8,40,3e43676f-e180-45cc-b1ab-f7879597ed64,3312,51
74,2,13,15887963-3bb9-4960-b568-5e9dce2addb4,3441,41
59,5,23,02f59b93-c09b-4125-b17e-f1ab8d457a29,539,16
62,6,41,addcea3e-c356-4b22-aba1-b60a6d0cfecf,2293,89
85,3,18,62dc1451-75d4-437d-8fc8-3a0819f58b13,3302,74
34,5,1,0f24a994-8fd4-4b34-9b35-aba70f095dbc,3027,53
72,5,39,d676e066-104c-4b80-914c-55b7b92bce1f,2863,26
84,5,43,7253993b-1183-4585-8f6f-63c2e57a38fa,2329,96
93,6,4,5469241f-035c-4abb-8864-703b1bdcdea8,1335,63
83,9,40,bee27bd0-1db2-45df-b977-ed15a4ecb5ee,3097,24
13,9,49,3f9a5b93-da5e-4827-b8d9-572a01c218dd,3341,62
6,7,40,16b0c389-7a10-42ae-8113-0ea9a8b8f21c,1208,63
26,4,26,36cea723-804c-4442-b6b7-c3c2af75ad7e,2130,79
65,1,32,bbbad5ae-8abe-48c5-9f78-a51500c4f715,2556,10
20,2,6,a4c9f917-96b1-4daa-b34a-ac13c2a191b1,3392,95
95,7,34,5089011d-333d-4ee7-bcd2-982ec94e2541,669,53
11,4,12,fcf01ce6-19a5-4d62-9354-93845511433b,1625,100
52,1,36,0d5b51eb-c297-4bfb-950a-b1511161912c,1844,49
76,7,24,da83ec48-3980-49d1-8521-622584fc1143,1437,83
52,8,20,0bad94b0-4d12-4279-a662-63fca876d460,280,82
7,9,22,1bae9c50-843a-4a6e-94a6-e146621cf296,195,91
99,10,21,723e01d6-a6a1-4bad-ae6b-358cea4a95a4,2466,99
87,7,29,8bf141a3-3757-4bce-a138-b7a3cf69cb29,1016,39
24,3,30,7fa7a6a0-cc93-49f2-b709-3188fd322f28,770,72
89,2,21,edef5c93-09aa-45b6-81b9-1692fd823a58,310,18
26,7,34,147f4d04-4f10-4832-825b-8a50ab9fad9e,3161,80
24,10,2,7282d3e9-9232-4a7e-bedf-4a533ebcaa27,189,48
57,2,40,9b01c551-6cca-4680-890b-f36de698f9a6,1056,25
67,5,17,b051c7a5-2d89-4cbd-b46d-28c2d9a4b19a,1206,51
97,9,2,8bf141a3-3757-4bce-a138-b7a3cf69cb29,1219,18
19,5,16,81670c7e-a6fd-46b0-8151-36e2500c4bab,1000,12
94,5,35,d443d98e-4cd4-4eea-a7e7-1d74d9c27be4,3283,53
52,4,3,494c835f-aa11-461e-9e7b-18f1c543d1af,1174,29
85,6,45,0729f308-5132-4fc4-909c-fbe43dc3ff91,2305,37
92,6,8,e5136c1b-73ac-4ba1-bff5-ec5ab215e775,3069,42
54,9,17,4da787d9-8949-4320-91f2-83cb90457d01,3020,35
53,6,18,14cb2253-ddf5-48b1-8828-96cf0000765e,803,19
59,3,35,80406c51-aed2-412c-bdf2-eb0dc6aefe47,3468,52
84,9,43,d8a07045-7615-4ae5-9d91-7b6bea6242c1,444,89
76,1,5,48677d45-9cf6-40ce-8050-ca5c309853b5,2364,69
91,4,22,da83ec48-3980-49d1-8521-622584fc1143,694,74
99,9,47,d28ff53b-26dc-4814-8567-effc4ddb017b,3530,96
69,8,37,53f4b721-da33-4bda-abb8-9d78685171b4,837,35
15,1,24,9e29615f-8648-4628-91b9-64b99c75e8d6,2603,70
24,3,2,eabdd8c4-e99d-40f4-a5d9-263d900a2d02,2912,48
2,8,18,fbdf194b-6547-4e67-9231-e267687d691e,900,39
52,7,35,03a8e3b5-3b15-46f2-957a-d00397e4fa98,2639,85
19,4,26,83396f93-d2d3-49cf-9c2d-ace79c10723f,2727,83
67,6,44,cef73079-5e02-4f3f-befa-16d65ad2d545,3496,61
39,6,17,7fb19248-6297-4fd4-9987-7fd6d51ce7ad,1174,48
72,7,43,56791183-4b16-437f-ad94-2c2c93f3fe58,537,40
70,7,35,1aee44ee-b84b-4ae0-a38f-213ef38ff33e,2785,35
33,6,29,cddabf97-57f5-4b2a-919b-60a86e747727,2967,95
78,2,23,9d9bfb5d-d40e-4edc-986e-4f0490132b24,1152,61
14,8,15,aa8bd478-9a48-4563-9917-b5e305ea95ce,2559,100
35,9,8,4bc28ef0-4df5-46ca-99c9-dc5eecdc0387,2730,34
44,10,40,d52cf325-b88a-4731-9cd8-4fb129e0d2fc,2335,69
36,2,46,8a05746a-f1a0-4c5b-8bdd-579375e07418,878,60
52,9,48,ae639bd5-3bd5-47cf-8d84-c4f50ee91d21,494,32
98,1,46,5155abaa-2539-4068-a37b-82ce130020b5,3506,30
80,1,37,f90dbc96-894d-4723-b8b5-fcac8a0dcf88,2533,57
80,1,8,8aa2746e-ef93-4796-a9a1-935c737e2dcb,1580,99
17,6,42,6437c31c-0228-478b-812d-ddfd5c31978c,1368,24
37,6,36,386d5686-26df-4a4b-af65-037a862fc49b,541,67
26,10,9,dde54e8b-4247-4ced-9c1b-dfcc39f638f9,588,14
84,4,42,c5b3e57c-7ee3-4803-8bdc-020860e93c09,598,89
73,1,29,95bcdc34-5c7f-484a-a298-a28c982cfab6,2333,85
59,7,40,923ea747-15ad-4a4c-b3ec-8d7d9005876d,545,15
76,7,41,47ebce1b-7ef7-4e0d-80b1-19532e6c3e4b,1389,22
57,7,14,8df4ffbe-d025-448a-8d1f-04bcab55690b,377,94
56,8,28,cc25c453-1d7d-420a-bc92-83e68bbb8831,2132,13
77,3,2,4f5bc4cb-b642-4bb6-be38-7e27b00533a2,955,15
53,10,35,bf867292-cdb5-429c-908a-dd566f544970,3013,13
66,1,23,7b682865-fa69-46f2-a55f-4bc66a2a0f98,1484,94
84,5,37,7e520402-0c6e-4094-8b44-385a56e3663c,2909,38
33,5,50,02b0c140-00ab-41e3-9d86-e7315733f31b,1932,60
59,3,37,fd741ad4-f56e-4eb9-a577-e000362fe0c0,1867,74
56,3,32,f95fa682-4b8d-4c05-abe2-cc2c1358fd55,755,60
10,3,10,89580a53-7abf-45cd-9472-d21d39c26713,2503,49
82,2,10,1aee44ee-b84b-4ae0-a38f-213ef38ff33e,788,38
40,9,43,9477b8f3-1a13-414b-941e-19230d6be9d2,1517,24
28,6,19,83bdab3e-314b-424b-9ed2-e7587c29fff4,2990,67
8,4,18,2bb8a043-8f82-4348-b5c7-ed54ee979719,1176,73
71,10,13,c132d8de-ceb6-4f0a-b5fa-02984e0a515f,1269,78
98,2,42,81367c4f-0b5d-4cab-8b26-054f1b09a246,506,25
59,6,26,691a9ece-cb55-4fab-81c4-97ba9763e3d8,2465,71
2,1,50,79afd866-300e-4ed3-93bf-c73f940a1b2d,2042,41
36,1,25,892d0720-4abd-493e-bc86-59c1e3037d19,433,91
34,9,44,321211b2-b956-4030-be1b-7194ca0b53af,3003,22
16,4,31,9d320ab5-477d-43e8-9704-0b6ce2467e2b,2759,57
63,10,7,8ef3c889-122f-419b-bd20-0517dc71a370,2237,13
43,1,7,aba3f2a4-7366-4672-a7ff-97c327aba21f,114,71
61,10,11,02f59b93-c09b-4125-b17e-f1ab8d457a29,2337,93
73,1,31,61f8fa3a-b352-4d05-a0a8-d2529cee129e,2886,10
81,3,20,106f99ec-e7db-4eb4-adb6-1107f0518aac,1117,52
40,9,37,814f0db4-66ed-49d7-9df4-e200befdc4c6,954,92
90,9,47,b3a101a0-79bb-40de-bd70-987805cb7aed,3600,41
85,9,21,bc0641ca-493a-41f4-a6fa-30f74738c9d7,1723,80
76,1,27,fadd3221-ee29-4f02-a341-15154d08d5f6,1537,64
15,8,19,bf12ceec-30d2-4b7a-b659-8131bc0242e4,1119,74
57,1,35,2d88b499-5f45-498b-8e08-f701a11b7907,1491,99
94,2,20,81670c7e-a6fd-46b0-8151-36e2500c4bab,2135,32
52,4,42,5967b373-78f5-46e7-a175-c64ed0b35bd4,1963,32
1,5,39,78618704-f020-4e22-8d48-6a14cd945b68,446,31
47,4,28,6f9896f0-3946-45d1-ba49-5c9008805c0d,3042,41
71,10,31,6cc47624-56da-4646-bc11-a3c43b52d1ba,582,44
3,3,40,80406c51-aed2-412c-bdf2-eb0dc6aefe47,2815,54
23,1,48,1ad127f0-8022-4b17-9484-c2a8feeade82,2359,55
75,10,43,b8c9335c-842e-47bc-913a-ad6ac7093fc9,84,80
34,1,32,f7e7b139-43bc-45e9-a715-1645144cf600,3383,56
37,6,16,cb7ef606-6e7d-4dfe-a478-3737ccc7ceb8,2616,40
95,2,45,7ea275b7-2ddc-43a2-bd81-7b034781cff2,976,66
25,6,17,d15e4e99-5959-436f-8493-3bacda9a4a1f,359,95
90,3,45,98dd17b2-1d14-4aa7-82b0-fbb96eb9a286,1502,15
88,2,22,363d100c-3954-469f-8547-bcc025b2afd8,1893,54
92,5,3,00ff4117-6dd5-4770-aded-a7728874f8fc,1249,63
98,8,37,03303c90-945c-4df5-879b-eb363f86cd4c,394,70
11,3,19,363d100c-3954-469f-8547-bcc025b2afd8,1430,34
94,9,37,23ea6828-fcc3-4fa7-a5ce-56419db9cc4a,1836,81
57,5,21,4b389827-f02f-4700-9718-ad2bce108a80,2024,24
43,3,31,dafa588a-baf7-4b4e-bb78-4307d0b77ba1,805,14
96,8,32,c6f43a6f-6a11-46c3-9365-0b0f47c9c7d0,1767,43
50,2,13,caf157d8-c9d6-472a-83fd-e94fbf6eb11f,2878,82
60,3,11,dbb3b212-3ee4-4943-8f77-a85571f1183c,2369,54
21,4,48,2fd4cac4-c706-46d8-98c6-3df3905df507,1067,31
60,5,36,6136eeb8-8ea1-40bc-8ab0-06e4f03f0ca8,432,11
54,2,43,78c939db-1d4d-4548-af12-082cffa6d136,2102,18
50,5,41,9f59266e-8394-4c2e-97d4-d3c9f7833fc0,2040,95
4,9,45,8aa2746e-ef93-4796-a9a1-935c737e2dcb,1615,35
84,8,39,7fa7a6a0-cc93-49f2-b709-3188fd322f28,3252,31
89,10,49,4160c6e2-8777-44b8-b3b5-38a82687c785,1777,26
73,1,46,fd40d75e-b9c6-4f62-a8c3-ae40b7aaea0b,562,62
72,2,4,c7f3f78a-f831-47d4-b049-8ce4b4f48915,1723,56
92,1,11,d1b1d809-93fe-4573-9ced-997d981a5c83,2141,66
30,5,38,142947a5-d89d-4629-9acd-de1c2a2052cc,570,95
15,1,40,7172555d-1cab-4577-83a2-049678d4710a,1272,43
30,8,48,6ca0063c-e8c4-4fc7-8d8c-39081a6c2d32,726,43
97,5,6,e5136c1b-73ac-4ba1-bff5-ec5ab215e775,1534,38
56,1,48,7f1d6e0d-efc3-415f-b68a-442d9f50fdb4,1048,56
61,1,13,b223d192-4bae-46bc-9f92-9d7e4f216915,1280,31
81,9,37,2420b887-766a-4eb8-9020-8739dd1a381a,3471,70
95,9,30,c3d87f4f-dadf-4c3a-9250-c534ceeab60e,1078,78
97,2,5,19cc80f9-b619-4312-a1e6-1ee58ce099fe,240,30
68,4,20,a6bd5d2d-1d90-49dd-ab68-930ef29c617a,3441,38
19,7,9,3feafd45-231c-4009-8397-7fb72679d6e7,423,74
61,9,20,9211bb00-9dfe-453b-b0bb-7b54effc2418,3378,70
75,3,3,9211bb00-9dfe-453b-b0bb-7b54effc2418,1586,76
70,2,42,62bde75e-6182-4486-b09a-b4651ac32d10,1083,94
12,10,28,a6bd5d2d-1d90-49dd-ab68-930ef29c617a,575,56
17,6,31,2c25b6ff-e48e-48fe-bdbf-a04920b8e1ac,1911,55
76,4,37,7edff587-0c95-4622-b1a6-2690a24f7789,2441,96
69,6,7,916d4f7e-058e-4721-a24d-fde23ec4a84f,1894,100
90,1,2,b426b468-d31b-48f5-afc7-86bf1b964057,2929,10
12,7,24,aa872232-420a-4310-a542-70540a420923,1799,74
68,2,44,b57bd7cd-342f-4610-8c84-d3bc2f4f26da,2767,16
21,2,1,45acf28c-307d-4d81-b9e0-e969b0f1ebcd,1180,49
41,3,18,53d2d09e-7ce6-48ef-b335-6f43d07bf6a4,1248,25
80,8,11,ec04e07f-39b5-456c-bd80-1225837f8766,2801,11
40,3,26,5b68f3a3-60cd-4830-9072-ec697b5ca7c0,2886,51
61,8,17,3f9a5b93-da5e-4827-b8d9-572a01c218dd,3353,77
96,5,30,e2cef0c3-65da-4914-bfb5-8ecdddf13ab5,471,24
46,2,48,25ab50c8-3ac4-41f6-91fa-bec986e5a6d9,962,84
2,5,13,d7511aa2-8057-44ab-a56b-4ba13d379728,2785,70
70,6,15,75092f2b-d353-4ec6-a755-6ac615c05725,1144,100
23,4,19,4ee6da87-0f99-4d9a-b4ec-d733ae4bedcb,1801,27
75,5,45,57b363fb-c5bf-45e5-89a1-abb726f2324d,2654,83
9,8,45,9c434d6f-4cd5-481f-bfee-896ceeba0705,2030,37
34,7,35,b89364e7-a008-4227-8bdc-322d6d1640e1,970,59
28,4,48,ffd80933-fe5a-42b3-8a63-437f821e760d,872,43
54,2,1,9b348141-322a-4e63-b668-ff9f1aff1759,2282,89
57,9,22,2c834b36-26aa-4996-aeb2-c9fbe18a5e94,1859,83
72,2,12,7b1b652d-64a7-4006-98e5-167c240b71ad,1395,52
77,8,21,5089011d-333d-4ee7-bcd2-982ec94e2541,2961,45
49,9,24,8a58c5e6-ed6b-4270-b324-4ae8a371fd1b,1237,35
14,7,18,5d5ca68f-ba68-4163-811c-e57950e2518e,2779,50
8,2,9,36fa6b73-eac6-4ed6-8875-8e4ec25ce193,2278,11
94,2,36,d300bfe5-2414-41b8-9c59-1265c58f04ba,1536,91
98,1,45,f04271d3-6d7a-431e-bd50-5821e903aab9,1264,73
95,2,27,c9f20ce7-7602-4d07-b16a-b50860c34ea4,357,36
16,9,19,addcea3e-c356-4b22-aba1-b60a6d0cfecf,1528,26
71,8,23,9a5834f4-3ee4-4ecd-942f-75a086cf3cf2,2303,12
67,2,34,cf2bda75-373a-4557-8db7-d641770dce79,2486,18
29,3,23,f89d73aa-7dde-45b5-9dc2-d2668975f121,3246,50
19,10,26,2a5ca2b2-8f63-4d7c-b0a3-041ff641a792,775,67
11,2,40,d5d83a21-cd36-4006-87cf-be53b839b55d,2466,41
79,3,30,53d2d09e-7ce6-48ef-b335-6f43d07bf6a4,80,98
94,6,40,07c22784-23cc-49dc-8fe3-7de6add0eef4,2842,77
71,7,30,157aeb50-7ba4-4ede-b95b-77fd438027bd,1748,23
81,6,44,2343eabf-98e5-4993-b7ff-8a28da004965,1836,82
97,10,39,47eee082-a833-4afe-b5a6-efa6a0fa28cf,858,24
38,8,30,a40125a0-8091-47f5-9982-36222c382899,1653,54
73,9,9,106f99ec-e7db-4eb4-adb6-1107f0518aac,1247,59
7,7,15,d7167798-f01a-4e73-8f5b-15f611aff012,1381,44
50,3,16,5e16da13-d259-43e1-abcf-9c647f772046,2577,20
10,8,31,22ba388f-19f9-43b5-b104-16fb1ad13a45,1826,14
95,7,6,d28c3684-cd82-4165-8ba9-96353946b3f7,3497,96
30,3,4,9477b8f3-1a13-414b-941e-19230d6be9d2,1803,80
97,3,24,cbe07b50-dd69-4aee-b09c-d91163d3fbf5,2524,39
21,2,6,5e16da13-d259-43e1-abcf-9c647f772046,1549,20
77,2,10,ac7e9ab6-e6a6-494a-9678-ba3721200291,2208,59
69,4,50,bee27bd0-1db2-45df-b977-ed15a4ecb5ee,61,59
57,4,16,d9d0e59d-fcfc-484b-8fdd-0e03042353e6,2814,24
79,7,23,2186feec-2946-4c68-89c1-13e5c3c7d855,541,76
75,9,20,4dc70ce5-65f7-4c26-9b51-bb401c1d013a,732,30
49,5,49,08d8830a-c342-4815-a6d2-29c1cfd6057a,126,99
25,2,24,4ca164e3-bc71-46ca-ba69-3ebe6b9ba396,2086,85
1,2,38,7685db13-0fb6-45f7-9f40-2432b8a3319b,3200,74
53,6,22,9fd2b31e-beea-4af1-a346-f8b0ca4b1edc,649,13
8,3,18,48677d45-9cf6-40ce-8050-ca5c309853b5,2127,97
29,10,42,38e21689-6219-46f7-b93a-3fee51eb80e8,1828,37
1,9,21,04c87bac-6383-4d59-a44d-82572a36e8b6,68,47
1,5,22,11a0aa00-2ae9-48ff-be7b-7872d8dfc224,1591,81
48,8,31,ad1b0097-1288-4201-98cd-65349d95447c,3514,42
45,6,5,da61f117-5fcd-4927-8806-0f1cf8939494,3505,77
92,10,47,c71d78fe-e74f-4e45-8305-7e519efaf65d,413,30
27,10,1,3a546130-974f-4067-9795-3b57ef65f03a,924,65
89,2,11,c6f43a6f-6a11-46c3-9365-0b0f47c9c7d0,3170,21
14,8,2,ebab5ad2-3f9b-47dd-9c47-0ea152faa090,3492,59
47,7,45,da255e1e-7f7f-4059-a0c5-35cb2027b6a3,1810,81
88,10,17,c9f20ce7-7602-4d07-b16a-b50860c34ea4,1615,64
45,1,36,ac7e9ab6-e6a6-494a-9678-ba3721200291,823,27
40,5,40,bc9d34ae-26a6-467a-a7c9-15c0b01e9a49,3338,11
30,9,26,2c834b36-26aa-4996-aeb2-c9fbe18a5e94,1474,73
56,10,41,f7d8364c-0579-4f8e-9f56-cb7ceaccacd0,3115,14
71,3,13,916d4f7e-058e-4721-a24d-fde23ec4a84f,1269,12
10,10,4,723e01d6-a6a1-4bad-ae6b-358cea4a95a4,289,57
90,9,15,0773ba23-813c-4bde-9d40-47c7a3ee8ac6,1743,79
6,1,41,76c03fcb-3f1b-4fdc-8727-c7c384a1a2d7,2250,14
29,10,37,755ad55b-1045-4532-8107-c1f01411b644,2302,99
84,7,30,e19ae633-c38d-4752-91c9-90a0b4061893,622,53
32,4,35,e869fceb-5fc9-4b55-8733-a10d30ec4d4c,73,98
67,9,25,bbd75ea6-5549-4741-85c3-1d1feba8bc87,932,19
95,10,11,1801cbfc-f428-4b6b-b4eb-69210edc65a8,2326,69
54,3,21,a4e8d541-97b3-4a3a-b23b-8ca3e64b7391,1235,41
62,7,23,fed8bf18-83db-4499-8d2e-7b82e31fe7cd,270,47
84,7,40,8cd0bf86-e25f-4ec6-a423-3edc0d0a29b0,387,75
70,8,6,8a05746a-f1a0-4c5b-8bdd-579375e07418,2478,28
18,7,7,c52faab8-e47f-46f6-94b0-8906173142d6,2325,79
84,9,29,11a0812d-40f2-4645-9ff0-f6b12185cdc2,3496,91
62,5,21,b426b468-d31b-48f5-afc7-86bf1b964057,906,27
33,10,47,ba3c5745-a562-4f64-a93e-a3f200131c6e,2492,17
14,5,18,787fa95c-de31-4a82-bb3b-5c663a7dc799,1185,63
51,2,19,5275a59b-6902-478c-aaad-4c9c22c70145,2459,88
80,2,34,37ec1492-f0b4-4f1b-8417-5ae0157dff97,867,24
34,10,27,755ad55b-1045-4532-8107-c1f01411b644,2205,40
16,4,6,e0ba40eb-cdbe-47c0-a671-b0d572eb2cd7,1542,31
72,6,30,7685db13-0fb6-45f7-9f40-2432b8a3319b,2840,92
20,9,46,7435d555-b13e-436c-8788-01a2c85e7f9f,886,52
55,4,34,7685db13-0fb6-45f7-9f40-2432b8a3319b,681,85
49,5,46,2c62f93f-6fe3-436d-bfbe-0c7302ded6be,3155,12
42,2,48,35859bf0-23f3-4591-9ef8-f2754997edb1,3274,13
72,2,17,caf157d8-c9d6-472a-83fd-e94fbf6eb11f,1324,42
5,5,43,0d7bd837-e275-4db2-98d8-8e72fff19261,3559,95
60,10,20,48e2534e-de17-4626-84a2-ade29091a6a5,1792,11
50,2,1,61c49da5-9ec5-4513-9632-946116c042b9,575,28
71,1,14,c2ba4b39-1843-4864-86ba-43573cb46f7b,1308,85
53,6,2,b7a47ca6-5c4d-4baa-9b8a-3338d8c1f74d,2269,75
48,10,20,8c18392a-6f71-4565-9cc9-3563be6c8d23,1290,55
70,6,22,cc01dc0b-2538-4cbe-8294-d557c5ad1935,883,74
22,4,37,0771eaa8-41ea-4af4-88f8-982ef52aaf68,776,64
65,1,13,95bcdc34-5c7f-484a-a298-a28c982cfab6,685,57
30,7,40,9e780c2d-8cf4-42cd-8d16-fca03cb353d3,530,22
99,10,20,68e1b076-fbca-4a23-a0e8-7e371d84ea11,3291,89
44,5,18,68a0ecbc-5e8c-420d-a0a2-0c000f57e81d,2957,26
25,4,2,5dafa49c-dbb9-4252-b2b9-44c01f1d4778,2120,12
56,10,37,ed7793f0-8d45-4bb6-857b-f4530f7434eb,1896,77
50,5,41,a375d8dc-2262-4745-88e9-217e28e3fc75,686,98
30,1,30,fd40d75e-b9c6-4f62-a8c3-ae40b7aaea0b,1897,46
88,6,24,ec75a1b2-2a0c-4cab-abe6-0ee70a1e91b3,2273,35
39,4,24,5b7fcc5c-1b97-44bf-b738-06feb2991444,148,83
26,1,47,34221227-53a5-4177-8f0c-3d66482f1aa7,2148,98
79,4,39,4c89e235-5903-4451-ad52-d2b01c8b0d44,1441,88
58,9,5,9b29005b-1d5c-4f19-a38a-c3e67c9477a5,1389,89
85,1,23,91abb8ea-94ab-44f7-9115-1d87f0053e4c,3333,48
36,10,21,2fbea6cd-db79-4495-bca0-459f95a74f37,3489,95
17,3,27,0b076d46-3767-47a5-bf3a-4609cdb0e291,1325,81
49,7,34,cc82d697-8546-4a75-b48a-94910d1d1bbc,1067,11
93,1,19,53f4b721-da33-4bda-abb8-9d78685171b4,1305,42
7,9,27,93ba06eb-5519-4233-a0cc-b7c08f9dee46,1198,43
24,1,15,ae4923ca-cc2d-41c3-b8ca-529a090af394,3423,55
17,3,31,6d668a7f-00ba-4afc-b00c-4d82c7807c45,2399,73
73,10,33,d1b1d809-93fe-4573-9ced-997d981a5c83,606,92
15,7,19,d7511aa2-8057-44ab-a56b-4ba13d379728,794,85
57,1,33,07510223-ed89-42b1-9e6b-b2c22ea62ebc,2633,44
19,7,5,438aa1d4-b4b0-4e7c-9c6d-b65fb06e6f69,1509,30
13,2,28,dc04d823-0574-46fb-9f1e-394248b36897,2121,58
45,6,7,dafa588a-baf7-4b4e-bb78-4307d0b77ba1,1161,57
12,4,15,dbb3b212-3ee4-4943-8f77-a85571f1183c,213,55
17,10,43,f89d73aa-7dde-45b5-9dc2-d2668975f121,3302,30
18,4,27,db62b44d-1b09-4d2c-802a-06174dae8360,3380,34
72,8,26,4e11b340-acf1-4973-b1b0-b39ae4b0ff8e,2646,99
58,8,2,6136eeb8-8ea1-40bc-8ab0-06e4f03f0ca8,220,17
65,1,39,5e6080b6-63f4-40ca-868b-ed85638e73b9,2422,95
39,2,32,7aa601d2-044b-45a3-8214-39310dcb9dba,3555,38
49,10,38,ef27f144-b347-4dfb-8320-37a94092a835,2517,50
32,3,2,6c8e6be0-7908-4431-a32c-c0b5b913d859,1289,28
18,1,46,266a2b8b-5f67-4f0a-8f13-63a40dbd8926,2089,79
71,8,19,bcc327cb-8436-45b3-af14-7907441ef6ff,189,71
45,10,33,d52cf325-b88a-4731-9cd8-4fb129e0d2fc,2128,75
13,7,35,149e1526-46ce-4254-a0e4-76309eb0a813,2876,10
39,10,30,531c05a3-d38e-42a4-89d9-47c2a8610283,3593,11
92,10,20,c8d5a560-1b2a-4cbf-8e06-b49e6d8025ad,582,88
27,8,40,c7f3f78a-f831-47d4-b049-8ce4b4f48915,3276,61
78,9,4,387a0c24-d2b0-402d-b5ac-a2175f9a79aa,2661,49
73,5,42,e7138a84-4328-498e-a857-c52725fcddad,1138,41
51,4,48,5148f7b7-29f6-4e89-aed5-c007e5cb53fe,1964,81
51,4,18,61f8fa3a-b352-4d05-a0a8-d2529cee129e,2272,59
86,2,12,d5d83a21-cd36-4006-87cf-be53b839b55d,3349,62
55,8,11,2a5ca2b2-8f63-4d7c-b0a3-041ff641a792,296,98
50,5,18,6b7e1e41-a927-46b6-8c5e-e5c393190461,2357,100
53,1,19,00ff4117-6dd5-4770-aded-a7728874f8fc,1852,92
30,2,8,68e1b076-fbca-4a23-a0e8-7e371d84ea11,1530,41
59,10,5,7f526ace-57f2-487a-9a97-20f4b54b48aa,3267,94
66,2,42,7c0147c5-c21b-4e22-a528-624a62038fa6,157,50
26,6,27,68e1b076-fbca-4a23-a0e8-7e371d84ea11,859,68
80,2,37,6d9f9404-3a6c-4e7c-8b44-dcb60c4b57e7,3468,81
60,2,39,0801dce8-1c57-4587-a325-0ccda642e0fb,3411,64
38,7,1,fc862cd9-1ff7-4d71-aeac-aa4a5514fa6b,991,52
62,7,11,7b1404fe-95a0-4c0a-b86c-d8cf858606d9,274,48
29,1,12,4fc1ec15-5112-431e-93ff-5fa0e0c199f6,1086,39
74,6,45,6fdf58a8-c6a0-4cf9-adb0-0643e21986a5,2312,20
80,9,2,9f59266e-8394-4c2e-97d4-d3c9f7833fc0,1616,84
78,10,17,95bcdc34-5c7f-484a-a298-a28c982cfab6,1754,45
33,9,39,3f42c32b-28ac-4262-8c14-8b3ab1d73f29,907,37
22,10,48,321211b2-b956-4030-be1b-7194ca0b53af,1404,28
66,10,5,7b1b652d-64a7-4006-98e5-167c240b71ad,415,19
4,3,32,b304bb57-5859-434a-b6f8-4dc617e3bb82,1846,37
1,3,37,d15790d3-bb78-4b70-84ca-80ba4e79cd69,438,33
67,5,10,b75fcfbf-ab9e-4c4c-8d38-23585e228e7f,2078,47
70,4,39,ccc5bb1e-24f1-4488-ae76-c1c34ab80246,2979,45
15,2,22,c3d87f4f-dadf-4c3a-9250-c534ceeab60e,3060,96
89,1,5,2c3b0eb0-ff73-4776-b5a9-66ac7a8f8e88,3048,15
53,8,13,0adf6180-dcac-4e38-af37-b1bc78f4094b,813,90
78,9,23,7c1cda26-23ec-4cbe-9858-646e500866ca,3399,26
9,8,48,f7fdce9f-f879-4572-b393-30651dfe8098,1605,12
52,1,9,77863bae-fcb9-47dc-9588-74616c831ed4,2133,88
55,1,33,8fb3d42e-543f-4e21-99fe-0004a654c275,2017,90
76,4,1,d28318ec-c8fd-4584-8915-368037fb6ff4,3460,65
95,4,34,b9311070-7a2e-44ec-a45c-4a866a22a7b8,2078,53
88,8,18,f679655d-7234-4166-8543-26f0aaeb111a,3494,80
17,9,8,e1e64770-6f6a-4e0f-ab02-c4308716dfff,3283,53
58,1,13,17779b13-17ca-4796-82c9-f430597c3d45,1047,55
34,2,31,d43f252b-0975-4e49-bf92-3f5d7cf7b1be,3299,13
81,4,25,91bbdca9-add8-453a-a237-67a8df2c7c7d,1623,26
64,7,8,ac1713d4-28bd-4cc1-b826-9c55ea29da72,1216,93
58,4,20,5155abaa-2539-4068-a37b-82ce130020b5,1506,81
65,6,47,590be1a9-8ea8-4cea-a1ed-a384357cd8ac,658,77
81,8,11,7f1d6e0d-efc3-415f-b68a-442d9f50fdb4,3043,13
13,7,8,a9c8630e-b3bd-4cef-b4ea-5f7f67890f7e,2391,44
58,9,23,49022414-8f75-49af-bce8-c525e0bb9dd1,83,51
30,7,45,e6d951ec-5d8b-498d-ac2b-ecb7adf53654,972,20
94,6,48,6c8e6be0-7908-4431-a32c-c0b5b913d859,2187,78
8,2,18,7be6b442-814d-4498-9db0-43c506a9a1b8,1911,48
18,8,13,3e4157c5-68e6-43d6-9113-28204713dac8,2315,61
19,4,40,8a8895e4-411f-4e60-a396-7efb3b54ea8c,1118,12
13,8,15,263c0481-3fa1-4eb1-866f-6c533dc45705,590,70
86,5,41,447c28dc-fbd2-4520-8c3f-9aed67a407ba,2124,80
58,9,23,56c45992-dee5-431d-829a-6688d141ca86,542,68
73,1,18,3e4157c5-68e6-43d6-9113-28204713dac8,841,63
36,3,13,0998da52-bf24-433b-af45-2f0aea2fcbad,3570,97
100,6,4,1c6297ba-c697-4f24-a073-788777e03940,1721,16
3,6,43,11438fb8-81d3-4a11-8010-9dd4a6384169,1721,88
18,6,42,9d9bfb5d-d40e-4edc-986e-4f0490132b24,1453,92
89,7,29,919e7124-4d8a-4388-a20a-da583b751c04,1119,22
5,4,21,b5d327e5-f952-4c84-8bea-2e3278a9f203,1218,77
23,1,22,0a0c8a23-d7ae-40df-84fa-dae624a3b6c6,1841,72
12,5,24,aeb52e0d-7f43-46e3-a985-a7ec61d3a5f6,2972,32
87,4,37,4cdef1d6-8298-4deb-9bc3-4139222a1e9e,767,96
72,1,12,ac1713d4-28bd-4cc1-b826-9c55ea29da72,2700,25
39,9,39,36aa8cc3-0e97-4aae-aff7-9bab577bb433,3181,86
78,3,42,03303c90-945c-4df5-879b-eb363f86cd4c,1260,14
52,8,37,f4359500-cfe5-4f20-a048-522c0c9d8fb9,3146,11
99,3,16,34daf71d-6097-4308-bad6-c6ba48c8afe2,2824,52
65,4,39,339e72bd-85a0-44cf-9ad9-eda386268216,2932,98
17,7,16,79f0d86b-8814-4afc-8444-5cdc7ba18b8c,1026,82
12,10,19,1ac17867-b324-4b24-8513-e775384c7b1c,3122,22
56,1,44,834bfadf-d2a9-467f-84d7-8e7ddc86e44c,2065,65
57,1,31,ad1b0097-1288-4201-98cd-65349d95447c,871,26
96,6,27,7b76fbe5-6e68-4bd8-84c7-bbe6060fb563,3489,66
77,5,43,d4763f92-0414-4b4e-85f7-c1b7c9bf2e09,1169,85
61,3,5,7084560a-3986-4379-b958-3b2f02370964,573,94
74,10,12,8276bb4b-d3e4-4d8e-836b-715b9a18a439,749,77
34,8,2,8ada6c4f-add8-45c5-85e0-aeba4daf13e8,1735,10
89,8,19,9b348141-322a-4e63-b668-ff9f1aff1759,2564,69
59,2,1,386d5686-26df-4a4b-af65-037a862fc49b,2643,81
18,8,18,496364f8-ed64-46fc-a1ce-b2433446b684,1928,17
12,4,31,a375d8dc-2262-4745-88e9-217e28e3fc75,2617,94
79,2,49,b581159e-5b95-40e0-a42c-73a6f8ca895e,645,31
35,7,25,eabeaf6b-49dd-48ba-94e3-2d7911d389de,517,57
42,3,17,1637d78e-f33a-45f6-be16-aee774851704,1396,49
68,3,12,4a2e6eb5-8c3f-45de-951b-3ad44b213228,2874,88
65,7,12,31c26d7b-a8fc-442d-9fdf-1294d5231a38,427,84
49,3,6,6c9f4498-0336-465d-9ec1-7896b683c078,1850,27
27,10,8,94493156-067a-451c-abb2-2137e1487d96,3359,66
17,3,1,7435d555-b13e-436c-8788-01a2c85e7f9f,772,59
84,10,24,6a9ae855-d147-4ac6-9365-96acb3c366f1,418,39
6,7,15,d3ea9613-0fcc-4dfe-815e-5e1b72b9d42f,799,29
68,3,29,7b1b652d-64a7-4006-98e5-167c240b71ad,660,99
33,4,46,82412633-e184-445e-8af5-627b55b33d44,3022,15
89,5,49,81ee67bd-464b-4779-9c04-db0bedb23be0,1776,68
77,5,49,51e40585-b589-4ead-9973-650bf2017f90,3409,27
31,1,17,ee26a15e-3e9a-4d4e-9489-0075586f1866,2680,25
76,9,34,fed8bf18-83db-4499-8d2e-7b82e31fe7cd,159,82
41,1,2,6c8e6be0-7908-4431-a32c-c0b5b913d859,2771,26
2,1,3,b108b495-650d-4deb-bad4-6885edfae6df,2116,78
1,5,21,157aeb50-7ba4-4ede-b95b-77fd438027bd,868,28
55,9,21,d3ea9613-0fcc-4dfe-815e-5e1b72b9d42f,1909,16
73,9,33,df5ae022-d660-4828-82fb-672226d24524,448,29
43,5,12,980ad9f5-2f87-49bf-becb-89bb88c938ab,2140,12
57,2,39,73c6b694-6024-4873-836e-f7ca29bc0d01,2200,10
4,10,12,16a266f4-c985-4c2b-a22d-07c253979196,491,44
74,9,20,b512a91b-bac1-4753-8db0-2ecd6624163d,183,98
77,2,43,48e8db61-e054-4ea3-a582-9d44c45157d8,2882,76
90,6,30,2186feec-2946-4c68-89c1-13e5c3c7d855,2131,76
17,8,18,5eb01732-12c0-4d90-990d-7266e4c37a95,316,39
69,2,4,d52cf325-b88a-4731-9cd8-4fb129e0d2fc,331,12
90,6,3,a104cf1c-2c7d-48ce-8fe0-c8bbe5d2a78c,3323,29
76,2,41,91903ae8-c5c8-4169-8b09-d16e318e5323,2071,56
90,8,42,03b78576-ce3c-40fa-a05d-2090aff45834,1260,28
77,6,5,2fa7fa08-9e1c-4953-b22a-c1a2ca1e9937,288,41
45,2,11,5fe59f0a-b8bc-4529-929a-0b712b91a596,758,47
44,3,3,cef73079-5e02-4f3f-befa-16d65ad2d545,716,85
80,1,41,cbe07b50-dd69-4aee-b09c-d91163d3fbf5,844,72
12,1,35,2ce18613-5131-42c0-81ba-6a1863633322,1663,76
21,7,15,6960d3db-c4d1-45ad-8dc8-cc32b98c2693,471,37
54,6,30,496364f8-ed64-46fc-a1ce-b2433446b684,3359,17
81,7,42,61969ccb-7c0d-41ed-a8d1-dd4cbd31f6a1,1097,31
21,3,35,669bee69-c332-4781-ac52-30978a7cba42,2504,53
67,1,5,2343eabf-98e5-4993-b7ff-8a28da004965,541,15
97,9,38,95c9cfad-a2ec-4b05-baea-eb226bd9ecd1,3557,34
9,5,28,a15e6973-0b3e-429e-b645-5012e786d389,465,78
25,9,17,64ddea11-3443-4079-b094-38e075f2f3e6,3129,87
7,9,25,b4775a53-ba96-4053-8f94-5baf83faa006,839,85
45,10,28,23ea6828-fcc3-4fa7-a5ce-56419db9cc4a,949,45
39,10,18,8030a6fa-cbde-41f1-af0a-82212d7c8122,1035,25
84,1,43,d28c3684-cd82-4165-8ba9-96353946b3f7,208,97
23,2,29,93ba06eb-5519-4233-a0cc-b7c08f9dee46,2043,98
93,6,41,ac7e9ab6-e6a6-494a-9678-ba3721200291,183,39
10,7,46,8cd0bf86-e25f-4ec6-a423-3edc0d0a29b0,538,14
85,4,28,c9f20ce7-7602-4d07-b16a-b50860c34ea4,1396,77
81,9,14,d7511aa2-8057-44ab-a56b-4ba13d379728,937,88
63,5,47,fc1f54db-b882-4351-9194-9e7f5b6d1ab7,1903,87
61,7,6,4ad62eb8-6caf-4e25-a62f-54c426e3b01f,1656,35
7,6,11,61ec2917-139d-4706-bbab-18cf68d1b00f,331,65
47,1,4,e86e5f94-2da4-43ed-a7a8-5962a83afbe0,250,44
67,10,32,f62d9821-b91f-4f3d-b1dd-b05c312bb632,862,51
68,8,24,887bce4a-81e8-4e09-b602-d5d09669b722,3049,18
60,5,35,2ce18613-5131-42c0-81ba-6a1863633322,1517,35
40,3,6,d8a07045-7615-4ae5-9d91-7b6bea6242c1,2000,36
45,1,33,b4775a53-ba96-4053-8f94-5baf83faa006,1897,14
82,8,26,f954ec7f-251d-4aaa-9cbb-615ff127b0db,2523,41
76,10,6,cf38040a-069f-4c79-bbfa-b986de6b9399,135,67
21,1,21,1aee44ee-b84b-4ae0-a38f-213ef38ff33e,2292,10
81,4,39,f90dbc96-894d-4723-b8b5-fcac8a0dcf88,3012,39
99,8,12,5098d695-a75a-4a5b-9394-853a15c13e07,1230,48
81,8,48,57b363fb-c5bf-45e5-89a1-abb726f2324d,2999,62
74,9,48,d82f9efb-7192-4dbe-ae23-e8c94af8cc30,492,33
57,9,16,da255e1e-7f7f-4059-a0c5-35cb2027b6a3,2197,43
21,10,45,dc04d823-0574-46fb-9f1e-394248b36897,3356,96
19,1,18,1fde699c-9513-4f5f-8b51-738fb33c7a29,889,73
13,3,45,ed74ecdc-7ca1-4914-b661-94c7c296ffb7,2456,70
77,4,28,68e1b076-fbca-4a23-a0e8-7e371d84ea11,81,91
16,2,1,c6e542d7-5d16-47ab-9dde-4277e8b1557a,3097,98
19,5,18,e80fbe8e-d030-4d0e-bb5b-2b6dcfa982fa,1375,89
57,6,50,531c64e3-2748-4755-9d0a-771835a0f9ba,954,26
65,6,35,0801dce8-1c57-4587-a325-0ccda642e0fb,562,51
99,10,27,b06fbae7-7a8a-4a92-a711-f75db96d1cdb,2134,84
3,3,2,cfbd33c7-14d6-4ff1-a1cd-8ce5c61284b2,1730,55
21,6,39,b9920629-b3b8-44d5-b9e1-9a9e13f704f6,342,52
11,8,15,e0237b6f-a9bf-4b5a-8ee7-1e576dc47497,3057,35
30,5,14,235be0bc-4768-4036-97c9-46be3705a925,2301,20
12,3,45,3e43676f-e180-45cc-b1ab-f7879597ed64,169,63
93,4,25,38e21689-6219-46f7-b93a-3fee51eb80e8,1812,82
57,10,42,bff900f4-ecbc-40ee-a839-1f41c59629b2,1632,44
93,6,40,5148f7b7-29f6-4e89-aed5-c007e5cb53fe,2179,17
15,8,1,943fd455-e1b3-4f6d-99e4-b92f2b635ddc,138,68
41,2,3,4e61d693-2511-4dd2-b66e-b9b53124cd60,183,19
22,2,1,6e098c0a-7f07-4002-8dab-1a06642e668a,971,47
36,9,20,bf33e920-e07b-403e-849f-6c6fcbff5c4c,2144,90
20,7,48,067be202-b4f1-41a0-ad47-869f33cc60b2,1108,46
34,2,16,71d8e53d-57d4-4731-944e-8a256874755b,1166,16
96,4,32,ac7e9ab6-e6a6-494a-9678-ba3721200291,436,51
41,4,35,4caf3871-9ede-425a-8a44-9fc0eb33c7e5,1663,70
23,7,10,2e28b178-1937-479a-96e9-550c1f152732,1166,76
14,10,43,5fe59f0a-b8bc-4529-929a-0b712b91a596,3583,83
24,1,49,b7a47ca6-5c4d-4baa-9b8a-3338d8c1f74d,523,89
37,6,32,7fa7a6a0-cc93-49f2-b709-3188fd322f28,2907,30
17,10,42,c574cde8-efd3-4cfe-bc81-9b5c7e09057d,3234,93
18,10,44,bff900f4-ecbc-40ee-a839-1f41c59629b2,3456,14
4,4,44,7f526ace-57f2-487a-9a97-20f4b54b48aa,1574,95
39,3,24,18f476c5-a42c-40ab-9b0a-d84e955c8218,3422,35
93,1,5,2490e1c1-7a66-4342-b96b-3708af9ea77e,2423,90
25,5,36,c93904aa-9ea5-48de-adba-07aad9a0f02e,1457,17
45,1,30,3ffd3232-ff9a-49fb-95a0-a4eb32002f28,2419,30
12,8,41,d90c793e-965d-4e5c-bfe2-e2365a890a1e,195,28
71,5,33,f03fa891-dd35-4ae8-ab6a-551af2941667,1302,98
90,9,18,2fa7fa08-9e1c-4953-b22a-c1a2ca1e9937,806,61
67,9,45,531c64e3-2748-4755-9d0a-771835a0f9ba,3467,40
17,10,28,48e2534e-de17-4626-84a2-ade29091a6a5,122,91
96,4,25,8c3228fd-10ef-4e4a-b530-8df8c72e013a,2058,57
10,7,35,01bdd1a3-807e-44cf-b63c-75e829e88705,2657,81
82,7,48,7c6a50d9-9223-4b61-85b4-6a12f4140af5,308,24
46,6,12,9050206a-c070-41d6-80e1-77398d0303fd,759,17
97,10,29,27ca7bec-e6d3-44cf-b8b3-fb98f0336741,2037,65
6,9,16,ffb8b60c-db74-4cc0-9119-1a5113b8ffd0,2225,27
85,8,32,9082f1c7-f024-4af7-8040-3eac3a986e6d,2111,18
39,10,22,5e43ebfe-c85d-41fe-8f0a-0eed687293d1,3245,31
73,1,11,15233334-dfb3-49b2-b88f-be23a87009ee,1597,49
13,1,34,b512a91b-bac1-4753-8db0-2ecd6624163d,3537,88
89,7,29,7084560a-3986-4379-b958-3b2f02370964,1415,15
99,9,40,34a3ce26-0c5a-4a49-b7b5-720fa8c6a1a7,2914,33
9,1,6,7f526ace-57f2-487a-9a97-20f4b54b48aa,3250,89
7,4,22,9de813aa-7a1f-4c40-b878-db422145e5c6,1369,63
62,8,46,ca440faa-8d61-4f2d-afdc-30ed34c608a1,842,68
40,8,1,2b6deba5-289d-4d1e-a0d4-2448422e38f7,2204,98
14,5,33,1bd3a6a8-5d75-489c-91e3-9f098c5bfe4c,2039,28
48,9,30,08d14c34-a6b4-4406-a9d0-0af414913d12,1227,14
48,4,14,4bdf24a5-b707-45eb-a3cd-8adb42b1dca9,2516,86
38,8,40,4f5bc4cb-b642-4bb6-be38-7e27b00533a2,1944,98
21,2,47,303e03c4-a7c5-4f83-9d71-9ee4528b1025,555,77
68,3,50,6437c31c-0228-478b-812d-ddfd5c31978c,1217,27
69,5,9,d15e4e99-5959-436f-8493-3bacda9a4a1f,2859,44
70,6,7,ea610c86-22dc-4537-b756-6125dfeb0b9a,1024,14
92,3,26,be3f02ad-9e7c-43c3-a53d-217461af7c68,1626,71
47,1,41,b611821e-fbc6-4722-82b3-1efbfd6d1278,3507,32
70,5,44,99743330-0869-4bcd-bb39-4bef1fb3838f,2651,17
61,1,50,2d88b499-5f45-498b-8e08-f701a11b7907,1693,22
56,7,50,34221227-53a5-4177-8f0c-3d66482f1aa7,1265,17
76,8,28,5f35a802-06d5-4969-bf90-81a65d6fd5a3,2742,66
33,2,33,9175bf37-2bfe-4516-b507-48a2959fcbaf,70,12
97,2,46,f420711f-a687-4209-ab5e-12145e5ad7f7,332,88
74,7,24,10523dd8-74d8-4608-8c13-bacc3efede75,113,74
81,4,32,7aa601d2-044b-45a3-8214-39310dcb9dba,1395,24
89,8,27,42a8f1a8-213f-4929-b75d-c8b9c33cb2c1,2675,67
27,9,36,3a546130-974f-4067-9795-3b57ef65f03a,377,70
75,10,27,3f7d5f59-737d-4bda-9cea-3b0beb70e1d4,700,22
99,8,46,f89d73aa-7dde-45b5-9dc2-d2668975f121,2918,16
69,6,29,81ee67bd-464b-4779-9c04-db0bedb23be0,1844,68
84,7,27,a3ddb5af-446f-4b62-946d-ce83649dd72c,2990,13
79,4,50,e19ae633-c38d-4752-91c9-90a0b4061893,1885,13
89,10,1,7685db13-0fb6-45f7-9f40-2432b8a3319b,3236,62
9,1,8,b59a52cc-9cda-4404-84ed-4cd5f3933982,2818,33
26,2,3,e14922a6-3f16-4499-b8f4-a8f3ea5ea374,1081,95
41,2,12,f03fa891-dd35-4ae8-ab6a-551af2941667,511,42
7,9,42,f031b5a3-4483-4625-a95e-0eb084cbc65a,680,36
69,8,27,92ac5997-8ca3-49a0-b47d-22d75c6244e6,2110,75
18,6,33,e7dc7482-b06b-450d-8f7d-e60f6e5ddbbf,1093,36
5,4,36,7435d555-b13e-436c-8788-01a2c85e7f9f,1937,98
39,3,12,67b92fbf-835d-4737-9411-b11e1b0cd994,1602,44
77,8,19,ca67c162-4b59-4711-99a4-27757d82af2c,3463,78
91,5,25,919e7124-4d8a-4388-a20a-da583b751c04,1846,55
12,8,2,4cdef1d6-8298-4deb-9bc3-4139222a1e9e,1547,96
96,4,45,5e49e5ef-001f-4918-90ef-89fc7e4b7b49,2724,48
17,7,47,67b92fbf-835d-4737-9411-b11e1b0cd994,1013,75
56,5,45,c9b0944c-43d8-4449-aeda-f34f8fd2a140,653,75
41,3,36,5e43ebfe-c85d-41fe-8f0a-0eed687293d1,261,55
63,3,9,012adca9-4a6a-4190-9982-4eb3b2648805,889,49
6,1,28,c026c986-d56a-44db-b017-4ed94b2374b2,1782,19
32,7,40,cc7d8033-532b-4a4d-aef9-40844631d6be,2860,73
62,7,38,7a403da9-ceb2-4997-949a-3f99c8aaf7f0,419,42
66,7,13,3afba329-aa1a-44aa-b86e-685d65efef0c,3227,21
57,8,13,0729f308-5132-4fc4-909c-fbe43dc3ff91,2335,15
48,7,9,7c1cda26-23ec-4cbe-9858-646e500866ca,926,29
93,10,22,51e40585-b589-4ead-9973-650bf2017f90,951,36
68,9,45,c026c986-d56a-44db-b017-4ed94b2374b2,361,34
93,5,1,67b92fbf-835d-4737-9411-b11e1b0cd994,2054,72
34,9,22,4467d4f5-2905-490a-ba21-b72a918e0129,827,71
37,1,2,b6250114-052f-4325-9b33-04f032e4fe6d,3232,33
95,3,29,d2de316a-467a-45d0-9f9a-19ae238b3395,3077,90
88,3,31,16a266f4-c985-4c2b-a22d-07c253979196,1452,15
15,2,39,523d272d-4526-401e-9333-3f60836f9c01,2664,95
96,9,39,89d55a0a-ee9e-4f60-b94e-dee44d7763fa,1644,79
48,7,3,ae639bd5-3bd5-47cf-8d84-c4f50ee91d21,3286,54
72,5,36,9de187a4-9e4c-427d-94cb-a4f0e26cef1c,3531,67
42,2,4,0e440ef7-12fd-4f7d-9a0b-6578e1887194,3230,98
3,6,24,bbbad5ae-8abe-48c5-9f78-a51500c4f715,1051,76
18,7,5,c4c09362-5716-4f29-b746-2f755c1e0dec,2826,75
78,6,46,2c3b0eb0-ff73-4776-b5a9-66ac7a8f8e88,3204,18
83,9,47,d36c8e94-24fd-4f55-9861-f5d3e9f9d357,1091,19
96,4,3,9b0a7618-9b64-47b6-b7fa-78e8575761fe,2503,32
93,3,29,892d0720-4abd-493e-bc86-59c1e3037d19,3506,80
18,5,1,5f1ca06b-53d7-470a-90d0-b0cddadf9289,1597,21
75,8,30,3ddf7c4e-0e8a-4878-b2c8-61ae457921c9,2618,40
85,6,44,6cc47624-56da-4646-bc11-a3c43b52d1ba,1756,66
21,1,34,ddc76685-3b8f-44ba-9e33-cf3d0d38aec4,2363,65
20,1,4,d676e066-104c-4b80-914c-55b7b92bce1f,1719,56
85,7,50,d82f9efb-7192-4dbe-ae23-e8c94af8cc30,2343,49
76,5,44,06b79427-332d-45ef-b2d2-4daf8f37b717,374,12
46,7,8,1c6297ba-c697-4f24-a073-788777e03940,2650,67
14,7,27,07ba2d3a-372f-488f-84b5-5b0e7ddb4f4d,1262,76
62,1,10,f29ba1fe-1402-47d9-8309-5e3cfa52255c,1799,42
17,5,31,ae4923ca-cc2d-41c3-b8ca-529a090af394,2036,87
4,1,9,80406c51-aed2-412c-bdf2-eb0dc6aefe47,1069,51
48,4,20,ec75a1b2-2a0c-4cab-abe6-0ee70a1e91b3,552,33
89,7,11,ca67c162-4b59-4711-99a4-27757d82af2c,2021,18
50,10,40,a4d3046a-7e5f-45b1-bcf8-2553714c68fe,3006,72
62,8,50,ebab5ad2-3f9b-47dd-9c47-0ea152faa090,3296,62
42,6,11,a40125a0-8091-47f5-9982-36222c382899,3437,15
9,2,35,85be4aaa-f5a6-4516-b2c4-632c6d7f974c,421,30
22,8,40,3ddf7c4e-0e8a-4878-b2c8-61ae457921c9,3561,72
100,8,17,5d7b74ab-b769-44bc-9248-8d86ada1ae61,1658,25
20,10,22,4dc70ce5-65f7-4c26-9b51-bb401c1d013a,816,63
17,8,3,48677d45-9cf6-40ce-8050-ca5c309853b5,861,44
41,3,32,9f11ecfe-e21d-4cd1-83a1-bc4223f0dff9,1744,23
51,5,50,db18be97-69e6-4d03-baa4-583b7b9ea314,144,13
32,2,17,17779b13-17ca-4796-82c9-f430597c3d45,1493,48
64,10,20,579f78c1-9519-4f6f-ae02-5efcfb265b80,1722,45
57,5,21,b108b495-650d-4deb-bad4-6885edfae6df,333,86
52,5,2,4ad62eb8-6caf-4e25-a62f-54c426e3b01f,710,30
81,1,6,8ef3c889-122f-419b-bd20-0517dc71a370,1180,36
44,10,30,196d548b-41fa-4621-a0dc-c66ad1e2b8b7,874,57
40,2,18,3d7951d2-a02a-4758-84c3-0403448e9192,565,29
72,4,31,fcf01ce6-19a5-4d62-9354-93845511433b,1308,19
6,8,47,05753716-1d51-4731-8790-13afcc446c42,2106,34
63,6,42,9e780c2d-8cf4-42cd-8d16-fca03cb353d3,1292,97
57,1,46,a4c9f917-96b1-4daa-b34a-ac13c2a191b1,2672,69
32,10,3,0bad94b0-4d12-4279-a662-63fca876d460,2026,93
66,7,12,bf33e920-e07b-403e-849f-6c6fcbff5c4c,232,20
58,6,33,cdc0528f-1250-4a2f-99bd-a3b85da3e71e,1923,37
51,1,13,9f59266e-8394-4c2e-97d4-d3c9f7833fc0,2281,77
8,2,1,bce5d2c8-3aa7-48e8-8f1d-c17621122e27,931,50
55,5,1,12ce08f1-f48f-46ac-a6a6-55dc02781465,2068,45
72,6,9,a2b46fe0-8e1f-4b62-999b-7d0d6ed57031,1278,36
31,5,9,4bdf24a5-b707-45eb-a3cd-8adb42b1dca9,1668,97
81,6,50,3a42ac09-e84d-4ec3-a7fe-2a988e5f1bfa,303,95
54,6,44,91bbdca9-add8-453a-a237-67a8df2c7c7d,249,82
90,1,46,9e780c2d-8cf4-42cd-8d16-fca03cb353d3,865,10
9,6,34,b8c9335c-842e-47bc-913a-ad6ac7093fc9,1835,33
73,8,49,f89d73aa-7dde-45b5-9dc2-d2668975f121,98,59
7,7,11,67f5b49e-727d-4a44-887d-d20348532dba,1921,34
14,1,41,a17dbad5-bcd9-4836-b8b0-88371e78ba45,1358,45
56,3,44,1510e197-a860-4664-b55f-de9dbff99483,1551,34
18,7,2,b0943783-7ebb-46ea-b847-1b6a6628e7cc,3287,69
89,1,37,d14d41a3-1735-4c99-88e1-d4a99c089a4d,475,51
100,5,41,0e2e6021-9e32-4473-84b7-ccfb9116e37e,421,94
82,2,38,d9dce0c3-fc35-4304-b766-9de2892dae77,2371,24
97,7,31,593f2b0d-d061-42ed-9669-7133b3b44df5,1762,20
76,10,12,47eee082-a833-4afe-b5a6-efa6a0fa28cf,77,39
37,5,1,7e520402-0c6e-4094-8b44-385a56e3663c,510,55
11,3,27,d82f9efb-7192-4dbe-ae23-e8c94af8cc30,103,30
85,10,24,b6c01bd2-3a7b-4798-8f0b-b948eba6bcf6,2145,64
81,9,35,68a0ecbc-5e8c-420d-a0a2-0c000f57e81d,629,31
25,9,16,4d3feb55-c8a2-4552-8d98-1c1c35747a9c,1123,26
86,5,45,9211bb00-9dfe-453b-b0bb-7b54effc2418,2369,11
13,2,1,142947a5-d89d-4629-9acd-de1c2a2052cc,796,73
38,7,43,2e28b178-1937-479a-96e9-550c1f152732,2696,40
59,10,25,e74dc1da-e5f4-4e35-aa62-27a16c0dc1c6,1778,55
99,10,10,60dcdad6-39e5-4ded-adf8-212fbe29c604,3527,97
42,6,27,5806ab3d-85c4-46f7-9a47-8a57d0dc2bb8,2163,45
7,7,6,1c9816d7-af4c-444d-a774-72f03fef979d,81,32
14,5,34,75092f2b-d353-4ec6-a755-6ac615c05725,2934,32
87,5,15,a3ddb5af-446f-4b62-946d-ce83649dd72c,2136,18
21,2,27,0d7df79f-6f54-458c-a6c1-0dc379079846,1643,96
59,4,29,66ed6854-99a2-4854-aea0-dc032ab81db8,1713,13
