time_id,timestamp,hour,day,month,year
1751c64d-0a0e-475e-9c78-2af4a1395748,2024-06-02 15:42:37.688757,0,10,1,2021
755ad55b-1045-4532-8107-c1f01411b644,2024-06-15 15:42:37.688757,7,6,2,2020
ed7793f0-8d45-4bb6-857b-f4530f7434eb,2024-07-31 15:42:37.688757,14,23,7,2021
78c939db-1d4d-4548-af12-082cffa6d136,2024-11-13 15:42:37.688757,10,29,10,2023
06b79427-332d-45ef-b2d2-4daf8f37b717,2024-11-04 15:42:37.688757,12,28,10,2020
4c89e235-5903-4451-ad52-d2b01c8b0d44,2024-07-01 15:42:37.688757,4,8,5,2020
523d272d-4526-401e-9333-3f60836f9c01,2024-07-14 15:42:37.688757,4,22,3,2021
ba3c5745-a562-4f64-a93e-a3f200131c6e,2024-06-25 15:42:37.688757,21,29,1,2020
7c1cda26-23ec-4cbe-9858-646e500866ca,2024-08-21 15:42:37.688757,6,16,4,2022
5e16da13-d259-43e1-abcf-9c647f772046,2024-10-02 15:42:37.688757,1,3,6,2022
8c18392a-6f71-4565-9cc9-3563be6c8d23,2024-04-16 15:42:37.688757,1,22,8,2022
cc01dc0b-2538-4cbe-8294-d557c5ad1935,2024-08-15 15:42:37.688757,17,24,6,2020
a7ac37c5-1182-4dc4-92db-4f8afd1774fd,2024-09-26 15:42:37.688757,3,28,4,2021
8a8895e4-411f-4e60-a396-7efb3b54ea8c,2024-05-08 15:42:37.688757,21,15,11,2020
9a35aac9-6698-4f39-ba77-d3f59ca82e52,2024-07-16 15:42:37.688757,13,29,2,2022
71e3b944-5616-448e-a2dc-42020d552bd1,2024-11-03 15:42:37.688757,8,14,6,2021
339e72bd-85a0-44cf-9ad9-eda386268216,2025-01-09 15:42:37.688757,6,15,11,2023
285fc913-c996-4bf1-ba2f-0673a1d37bc1,2024-04-24 15:42:37.688757,20,4,2,2022
1bd3a6a8-5d75-489c-91e3-9f098c5bfe4c,2024-06-22 15:42:37.688757,14,25,6,2020
a575424a-ea88-41d8-a2ac-67e48c117874,2024-06-09 15:42:37.688757,21,4,2,2023
1637d78e-f33a-45f6-be16-aee774851704,2024-02-17 15:42:37.688757,11,6,7,2023
4f5bc4cb-b642-4bb6-be38-7e27b00533a2,2024-10-04 15:42:37.688757,6,16,7,2023
1dbf17fd-aed0-4a42-afbf-7c28d508bbfd,2024-12-17 15:42:37.688757,12,7,7,2021
68a0ecbc-5e8c-420d-a0a2-0c000f57e81d,2024-07-08 15:42:37.688757,22,15,3,2022
86c53cec-f596-4047-85db-b692a8763c40,2024-02-20 15:42:37.688757,23,25,8,2022
ce48dbd5-0b50-47f5-a963-9d17786dcf1d,2024-08-12 15:42:37.688757,7,31,8,2023
0110e291-9e7b-43b4-be47-e3722114a9b6,2024-06-04 15:42:37.688757,0,16,7,2023
b6f05394-826d-49e1-9f84-0b6b4c311c14,2024-11-04 15:42:37.688757,7,31,3,2023
e3f4bc9e-6618-4d66-b337-3fe781174214,2024-10-26 15:42:37.688757,12,29,7,2022
c9f20ce7-7602-4d07-b16a-b50860c34ea4,2024-02-02 15:42:37.688757,13,11,1,2022
9b0a7618-9b64-47b6-b7fa-78e8575761fe,2024-03-09 15:42:37.688757,6,29,8,2020
f7dba28a-c76f-46b6-a9d8-b814388c9f1c,2024-03-23 15:42:37.688757,2,6,6,2023
e1e64770-6f6a-4e0f-ab02-c4308716dfff,2024-12-24 15:42:37.688757,2,2,11,2023
c71d78fe-e74f-4e45-8305-7e519efaf65d,2024-04-20 15:42:37.688757,10,22,3,2023
a2101bc3-e155-4a2a-aad6-1c22a7f7a6e2,2024-06-09 15:42:37.688757,0,5,6,2022
db18be97-69e6-4d03-baa4-583b7b9ea314,2024-09-07 15:42:37.688757,1,26,1,2022
b9920629-b3b8-44d5-b9e1-9a9e13f704f6,2024-10-12 15:42:37.688757,6,24,10,2023
7608780b-e6c9-4755-9837-e54e807aa9df,2024-05-07 15:42:37.688757,4,9,8,2021
db4d23a9-037e-4095-93af-961753bf795f,2024-06-05 15:42:37.688757,21,25,6,2022
81367c4f-0b5d-4cab-8b26-054f1b09a246,2024-09-28 15:42:37.688757,20,23,10,2020
8ff9b5a0-18e6-4590-843e-1cbfd8998d69,2024-08-26 15:42:37.688757,8,6,8,2023
11438fb8-81d3-4a11-8010-9dd4a6384169,2024-07-07 15:42:37.688757,18,1,3,2021
ad234b76-52d2-484a-98e0-e77987832c0e,2024-07-06 15:42:37.688757,17,17,5,2023
03b07194-ae24-44bb-b805-b7bbf5a19f3e,2024-08-11 15:42:37.688757,12,3,7,2020
1ac17867-b324-4b24-8513-e775384c7b1c,2024-07-30 15:42:37.688757,3,23,5,2020
ef5ac15f-035a-4d60-9f10-3232f269c9a7,2024-08-21 15:42:37.688757,15,11,1,2022
2c834b36-26aa-4996-aeb2-c9fbe18a5e94,2024-08-17 15:42:37.688757,0,15,1,2022
5806ab3d-85c4-46f7-9a47-8a57d0dc2bb8,2024-06-25 15:42:37.688757,15,5,6,2023
83ddc3a1-9fe0-4f54-a4a1-2c21b91ad773,2024-02-25 15:42:37.688757,4,23,10,2023
208f0717-6aa9-4aeb-9396-84d01eaa8825,2024-08-31 15:42:37.688757,22,25,3,2020
89d55a0a-ee9e-4f60-b94e-dee44d7763fa,2024-02-03 15:42:37.688757,10,21,7,2023
8c01a403-9237-46a1-8df6-f6ea29c52a59,2024-11-14 15:42:37.688757,13,11,2,2022
04c87bac-6383-4d59-a44d-82572a36e8b6,2024-06-11 15:42:37.688757,23,2,4,2021
50619766-3677-4195-a775-34fb969a7dc9,2024-04-10 15:42:37.688757,22,18,10,2023
523af1d3-2e13-4f60-b238-07e0b5e70d2f,2024-07-09 15:42:37.688757,1,3,4,2023
4bc28ef0-4df5-46ca-99c9-dc5eecdc0387,2024-04-27 15:42:37.688757,4,9,9,2023
b9311070-7a2e-44ec-a45c-4a866a22a7b8,2024-12-08 15:42:37.688757,13,9,1,2020
263c0481-3fa1-4eb1-866f-6c533dc45705,2024-02-14 15:42:37.688757,20,11,5,2021
3119d9ba-47a7-403e-bd03-59205c1be6bb,2024-12-27 15:42:37.688757,16,15,9,2022
0f64fd5b-2940-4339-87fd-9c6b89968c21,2024-02-26 15:42:37.688757,22,27,11,2021
09dc0e97-7671-42de-9da4-80c8ed5a0056,2024-08-10 15:42:37.688757,6,5,4,2022
4eff053f-2e17-4615-a72f-ddf0d7ef05c2,2024-10-21 15:42:37.688757,14,19,6,2023
68e1b076-fbca-4a23-a0e8-7e371d84ea11,2024-11-13 15:42:37.688757,2,6,4,2020
4cdef1d6-8298-4deb-9bc3-4139222a1e9e,2024-07-08 15:42:37.688757,23,19,3,2020
d15790d3-bb78-4b70-84ca-80ba4e79cd69,2024-06-08 15:42:37.688757,15,15,10,2020
ee94dbb9-32e8-49a9-9323-b201d16fa0fa,2024-11-21 15:42:37.688757,17,18,10,2021
f2d01796-8057-4cc3-b890-d75f1d88cf80,2024-11-08 15:42:37.688757,10,24,5,2021
a4d3046a-7e5f-45b1-bcf8-2553714c68fe,2024-12-11 15:42:37.688757,18,23,9,2020
7e648045-693f-43f0-bb80-af67ee848947,2024-07-08 15:42:37.688757,15,4,8,2023
03d91be7-d3d6-4671-8b2c-5b53e6101d89,2024-11-15 15:42:37.688757,13,15,2,2020
15887963-3bb9-4960-b568-5e9dce2addb4,2024-10-26 15:42:37.688757,19,7,1,2020
e528fc8f-3c02-4ee2-8071-d3b064a4502e,2024-06-11 15:42:37.688757,0,12,1,2023
b5d327e5-f952-4c84-8bea-2e3278a9f203,2024-10-08 15:42:37.688757,18,2,1,2021
b7a47ca6-5c4d-4baa-9b8a-3338d8c1f74d,2024-03-09 15:42:37.688757,9,7,8,2022
064e9e71-5e23-46b1-8713-2f282aa6a136,2024-04-24 15:42:37.688757,13,13,6,2020
6f8fe8f3-c33d-47bf-b888-4f01890a7651,2024-07-24 15:42:37.688757,3,5,7,2022
9b348141-322a-4e63-b668-ff9f1aff1759,2024-03-26 15:42:37.688757,8,20,6,2023
6f9896f0-3946-45d1-ba49-5c9008805c0d,2024-09-17 15:42:37.688757,15,23,12,2021
b125b084-440c-4f56-bf3d-ef652a15862c,2024-12-29 15:42:37.688757,12,15,1,2020
da255e1e-7f7f-4059-a0c5-35cb2027b6a3,2024-10-11 15:42:37.688757,23,11,2,2020
8ada6c4f-add8-45c5-85e0-aeba4daf13e8,2024-06-14 15:42:37.688757,7,16,8,2022
8a05746a-f1a0-4c5b-8bdd-579375e07418,2024-05-21 15:42:37.688757,20,16,10,2022
95bcdc34-5c7f-484a-a298-a28c982cfab6,2024-06-02 15:42:37.688757,15,12,7,2023
2420b887-766a-4eb8-9020-8739dd1a381a,2024-11-27 15:42:37.688757,13,17,12,2020
25aef226-ca3c-4984-bf05-d0da863d4801,2024-08-12 15:42:37.688757,22,7,5,2021
6d668a7f-00ba-4afc-b00c-4d82c7807c45,2024-09-25 15:42:37.688757,0,3,5,2020
cf885362-0b02-4652-ac3c-95672d64ef71,2024-03-03 15:42:37.688757,13,13,6,2023
1510e197-a860-4664-b55f-de9dbff99483,2024-08-28 15:42:37.688757,3,31,7,2022
d90c793e-965d-4e5c-bfe2-e2365a890a1e,2024-11-07 15:42:37.688757,12,16,4,2023
fdfa0c81-d241-4c3a-b905-5a23e0f26532,2024-12-26 15:42:37.688757,7,15,10,2021
9334d25f-5477-440a-b320-cb5ae27b38d8,2025-01-26 15:42:37.688757,15,6,11,2022
7c0147c5-c21b-4e22-a528-624a62038fa6,2024-03-15 15:42:37.688757,23,11,8,2021
92a3f557-9e0a-4b78-9647-c93d764092c6,2024-09-22 15:42:37.688757,2,27,1,2020
da61f117-5fcd-4927-8806-0f1cf8939494,2024-05-26 15:42:37.688757,13,12,12,2020
9932b746-9fa7-42df-975e-9705117bfd99,2024-09-08 15:42:37.688757,10,5,4,2023
7fa7a6a0-cc93-49f2-b709-3188fd322f28,2024-08-06 15:42:37.688757,10,2,1,2020
5c8a4004-52d8-4040-8fd9-9621bf065efd,2024-08-03 15:42:37.688757,20,2,1,2022
eabdd8c4-e99d-40f4-a5d9-263d900a2d02,2024-02-08 15:42:37.688757,1,26,5,2023
4c1f903e-4b8e-422c-97ec-e22772129f52,2024-07-22 15:42:37.688757,16,8,5,2023
1f93c8ba-f9b6-4ac8-bb03-04ad00e7215d,2024-06-02 15:42:37.688757,1,7,11,2020
8bf80bf4-f5c1-46ac-8720-f1c5f321ee4a,2024-04-23 15:42:37.688757,23,24,5,2020
aa39a3ef-ea7c-4a44-815a-3b8ed0b0b362,2024-12-08 15:42:37.688757,7,3,5,2023
61ea201a-18c0-4d5c-8e11-3bb0b7e3b75c,2024-04-21 15:42:37.688757,13,25,2,2021
bc0641ca-493a-41f4-a6fa-30f74738c9d7,2024-04-05 15:42:37.688757,12,12,2,2022
0c1ea95f-d82c-4d47-9001-2c233a6458b0,2025-01-22 15:42:37.688757,22,31,12,2023
03303c90-945c-4df5-879b-eb363f86cd4c,2024-07-11 15:42:37.688757,19,21,7,2021
47eee082-a833-4afe-b5a6-efa6a0fa28cf,2024-04-15 15:42:37.688757,22,10,6,2022
496364f8-ed64-46fc-a1ce-b2433446b684,2024-11-28 15:42:37.688757,21,5,5,2022
fc862cd9-1ff7-4d71-aeac-aa4a5514fa6b,2024-07-24 15:42:37.688757,10,29,10,2020
fd741ad4-f56e-4eb9-a577-e000362fe0c0,2024-06-25 15:42:37.688757,22,29,5,2020
9e29615f-8648-4628-91b9-64b99c75e8d6,2024-08-01 15:42:37.688757,20,31,3,2022
4ee6da87-0f99-4d9a-b4ec-d733ae4bedcb,2025-01-05 15:42:37.688757,21,12,5,2022
a40125a0-8091-47f5-9982-36222c382899,2025-01-26 15:42:37.688757,1,3,11,2021
4fc1ec15-5112-431e-93ff-5fa0e0c199f6,2024-05-30 15:42:37.688757,11,18,6,2020
2a0f04a5-b4dd-4911-ab15-68950f68b70f,2024-11-03 15:42:37.688757,15,27,11,2023
04d43fe9-337a-4cff-9e59-66f7a2616e48,2024-09-04 15:42:37.688757,19,3,10,2022
161258b2-3bf8-4610-9c5c-104283a729bd,2024-06-08 15:42:37.688757,20,24,9,2022
74c6d97a-72b5-4148-8563-8ba5614155a5,2024-11-15 15:42:37.688757,22,25,2,2023
2bb8a043-8f82-4348-b5c7-ed54ee979719,2024-05-22 15:42:37.688757,20,30,10,2020
1ad127f0-8022-4b17-9484-c2a8feeade82,2024-09-11 15:42:37.688757,19,15,11,2022
9a5b36b5-f111-45a8-8202-7bc522a7da03,2024-12-14 15:42:37.688757,21,9,5,2021
c1791da7-6b76-4853-8fac-47fe661de454,2024-11-26 15:42:37.688757,5,10,3,2020
7a403da9-ceb2-4997-949a-3f99c8aaf7f0,2024-02-08 15:42:37.688757,18,19,4,2022
3f9a5b93-da5e-4827-b8d9-572a01c218dd,2024-07-04 15:42:37.688757,10,26,4,2023
83396f93-d2d3-49cf-9c2d-ace79c10723f,2024-08-28 15:42:37.688757,6,3,8,2021
bae86c24-3db0-401f-9ee9-fc9ca3e3ebd3,2025-01-03 15:42:37.688757,18,15,12,2022
d5214504-9aca-4c35-8d35-5cdf096bf2cb,2025-01-05 15:42:37.688757,22,8,9,2023
ee3fa18e-7805-49c2-bd66-0b0809606c17,2024-07-24 15:42:37.688757,17,16,11,2021
9d320ab5-477d-43e8-9704-0b6ce2467e2b,2024-02-03 15:42:37.688757,17,1,12,2023
ab93cc03-48e4-449c-be9e-c6b4bf84ee0c,2024-04-05 15:42:37.688757,14,14,6,2021
75277d10-cdb0-4618-83a9-51609a188240,2024-02-11 15:42:37.688757,1,9,11,2021
3875de2d-b6c7-4ae0-9990-b69d18dda5d0,2024-05-15 15:42:37.688757,9,27,7,2023
b512a91b-bac1-4753-8db0-2ecd6624163d,2024-06-07 15:42:37.688757,14,25,4,2020
17779b13-17ca-4796-82c9-f430597c3d45,2024-11-21 15:42:37.690261,7,2,9,2023
a104cf1c-2c7d-48ce-8fe0-c8bbe5d2a78c,2024-07-31 15:42:37.690261,4,5,5,2022
a375d8dc-2262-4745-88e9-217e28e3fc75,2024-04-08 15:42:37.690261,6,16,9,2023
81ee67bd-464b-4779-9c04-db0bedb23be0,2024-10-31 15:42:37.690261,10,2,6,2020
06af5cc2-a1bd-484f-940c-c9d357bcb901,2024-06-10 15:42:37.690261,15,9,3,2020
fcf01ce6-19a5-4d62-9354-93845511433b,2024-10-29 15:42:37.690261,20,17,8,2022
b492bd88-8b20-40df-8242-39833ce58a0e,2024-06-30 15:42:37.690261,2,12,9,2020
956c95ff-f128-4de2-b510-a4f19921bf8e,2024-04-16 15:42:37.690261,12,14,11,2023
037f21c1-2f9f-499b-bbc7-679a1c52cfaa,2024-09-18 15:42:37.690261,11,16,9,2022
cc82d697-8546-4a75-b48a-94910d1d1bbc,2024-12-01 15:42:37.690261,15,21,4,2023
9653247b-cd4d-4a3c-b1e4-ff110dc4edc1,2024-10-20 15:42:37.690261,20,4,12,2020
7edff587-0c95-4622-b1a6-2690a24f7789,2024-11-13 15:42:37.690261,13,16,1,2021
78e3c7d8-4e53-47fd-9dbe-c58115de0447,2024-04-12 15:42:37.690261,14,28,4,2022
12e36dbd-17d8-4158-b1e0-c4a5282f7625,2024-06-23 15:42:37.690261,4,28,3,2020
ca980a49-ebb6-4450-8148-bfa6c78de8fb,2024-11-05 15:42:37.690261,4,18,6,2020
ef18820c-9a63-4734-94c8-2e8d422fcd51,2024-02-29 15:42:37.690261,23,13,6,2020
2e9d1e77-4272-4490-b830-11a034384b1f,2024-02-04 15:42:37.690261,16,13,8,2020
d4763f92-0414-4b4e-85f7-c1b7c9bf2e09,2024-05-21 15:42:37.690261,8,31,12,2020
5a30facc-e86b-4c39-a8c7-97b5d8402c23,2024-07-18 15:42:37.690261,20,2,9,2020
2c39f0de-00f0-4651-bf1d-d8795cc5c24c,2024-05-30 15:42:37.690261,6,23,3,2022
0ea916b3-1a2b-42c9-b4fa-7aef78764bb0,2024-04-20 15:42:37.690261,19,8,6,2020
79d0e4f5-207e-4409-bb17-9eabf3c584e2,2024-03-25 15:42:37.690261,10,30,11,2020
06aaa397-6dba-48b6-8a07-52b61fbb573f,2024-12-23 15:42:37.690261,1,17,1,2021
db62b44d-1b09-4d2c-802a-06174dae8360,2024-05-09 15:42:37.690261,16,13,7,2020
9512d914-9cbf-471e-a986-932f64c416d9,2024-07-18 15:42:37.690261,10,23,3,2020
f4a55f3c-e8d7-4324-8bfa-492d7f63e8af,2024-07-24 15:42:37.690261,12,1,6,2023
7d32d009-4d6c-4fd9-9a05-59ab98a390e2,2025-01-17 15:42:37.690261,6,12,11,2022
f954ec7f-251d-4aaa-9cbb-615ff127b0db,2025-01-13 15:42:37.690261,9,16,11,2023
38e21689-6219-46f7-b93a-3fee51eb80e8,2024-11-15 15:42:37.690261,22,27,10,2021
067be202-b4f1-41a0-ad47-869f33cc60b2,2024-11-19 15:42:37.690261,10,20,5,2020
5b7fcc5c-1b97-44bf-b738-06feb2991444,2024-03-15 15:42:37.690261,10,28,7,2023
2fd12447-c627-4aee-9132-195b88018d56,2024-11-14 15:42:37.690261,4,12,3,2023
c3bbcb35-1b02-4c44-b82a-8c190e7f6319,2024-02-03 15:42:37.690261,11,17,12,2020
d9abe857-c00e-4496-91a7-6c189b3cf1bd,2024-04-12 15:42:37.690261,17,6,8,2020
5d5ca68f-ba68-4163-811c-e57950e2518e,2024-08-12 15:42:37.690261,23,18,11,2021
cb7ef606-6e7d-4dfe-a478-3737ccc7ceb8,2025-01-03 15:42:37.690261,10,25,3,2023
0d7df79f-6f54-458c-a6c1-0dc379079846,2024-03-21 15:42:37.690261,22,6,8,2020
1cf09e3d-f530-4cc9-b895-a30275cdf1e8,2025-01-11 15:42:37.690261,2,8,6,2023
cddabf97-57f5-4b2a-919b-60a86e747727,2024-02-13 15:42:37.690261,6,19,3,2023
8df4ffbe-d025-448a-8d1f-04bcab55690b,2025-01-13 15:42:37.690261,12,2,6,2020
bf58f353-75c9-43c5-8c75-1502e07e71aa,2024-05-02 15:42:37.690261,20,1,6,2022
cf5de2e7-8be2-48f9-b99d-f77fd015e8f0,2024-04-13 15:42:37.690261,11,12,12,2022
55be648a-9e81-4db2-a0d0-1a4aa2417889,2024-11-26 15:42:37.690261,23,27,8,2022
2681c1f6-777a-435e-a737-2a3cb56f531f,2024-08-11 15:42:37.690261,18,30,8,2022
df6f1d2c-6a63-44eb-bfee-20727d01e759,2024-12-07 15:42:37.690261,12,13,11,2023
7a78d14a-ffb0-48f5-a35d-3305c713e864,2024-10-08 15:42:37.690261,12,31,12,2021
b426b468-d31b-48f5-afc7-86bf1b964057,2024-08-17 15:42:37.690261,20,18,8,2021
228ffa35-a595-4a86-9941-60acff9018b7,2024-11-26 15:42:37.690261,18,17,2,2020
321211b2-b956-4030-be1b-7194ca0b53af,2024-10-27 15:42:37.690261,9,7,6,2023
0264800c-4530-49d8-b47e-bb4aa1003365,2024-05-31 15:42:37.690261,12,26,2,2020
1f469dcf-b0e2-4c60-8585-fadbbe2f7ea4,2024-02-17 15:42:37.690261,22,2,12,2020
012adca9-4a6a-4190-9982-4eb3b2648805,2024-12-07 15:42:37.690261,12,25,9,2023
e0f5e84c-2f08-4ccf-b5ea-862115ce949f,2024-06-16 15:42:37.690261,21,5,4,2020
ce8b3742-e61c-45a2-86a7-5fdc3d8bb56f,2024-10-29 15:42:37.690261,8,25,4,2021
ea610c86-22dc-4537-b756-6125dfeb0b9a,2024-02-08 15:42:37.690261,18,11,7,2020
45acf28c-307d-4d81-b9e0-e969b0f1ebcd,2024-03-31 15:42:37.690261,3,6,10,2020
a6c347fc-843c-4280-b11e-416db9f53ab1,2024-05-04 15:42:37.690261,18,17,9,2023
590be1a9-8ea8-4cea-a1ed-a384357cd8ac,2024-12-31 15:42:37.690261,16,3,2,2020
7318d7ca-d01a-4f37-ab85-d11d167501ce,2024-07-07 15:42:37.690261,17,9,3,2023
0adf6180-dcac-4e38-af37-b1bc78f4094b,2024-04-25 15:42:37.690261,6,6,12,2022
6779656f-789b-4936-b63e-1fced3578596,2024-08-10 15:42:37.690261,17,14,12,2022
87c9862d-2bfb-478f-b35e-2423b5bf6cae,2024-09-25 15:42:37.690261,0,14,5,2020
e3551d1e-b646-41aa-96ee-be317f5ee0a3,2024-05-12 15:42:37.690261,6,21,12,2023
7d5942df-65e6-4ed5-8208-3f9a923a30ef,2024-11-27 15:42:37.690261,22,25,9,2023
03a8e3b5-3b15-46f2-957a-d00397e4fa98,2024-10-05 15:42:37.690261,11,2,2,2023
a84ef8c1-be7a-4426-bfb1-14c2de872553,2024-06-18 15:42:37.690261,20,9,10,2023
69f73edd-52f4-40ab-b2be-ec8791bdc77f,2024-07-21 15:42:37.690261,20,22,3,2023
c9309025-3c8b-4aee-a603-74f9a519dd92,2024-12-24 15:42:37.690261,6,29,10,2021
6e098c0a-7f07-4002-8dab-1a06642e668a,2024-09-13 15:42:37.690261,18,4,10,2020
f0a71d76-4387-4f24-8901-41c591e9651c,2024-07-20 15:42:37.690261,23,6,7,2022
912d286e-9c22-483c-a4f7-551e4a571a81,2024-02-04 15:42:37.690261,2,15,11,2022
89f80eec-b8d5-416f-8c7f-70ab486b9902,2024-04-15 15:42:37.690261,8,27,1,2023
5fe59f0a-b8bc-4529-929a-0b712b91a596,2024-07-11 15:42:37.690261,20,21,1,2023
9fd2b31e-beea-4af1-a346-f8b0ca4b1edc,2024-10-09 15:42:37.690261,9,3,9,2020
d28318ec-c8fd-4584-8915-368037fb6ff4,2024-10-24 15:42:37.690261,14,5,10,2021
dbb3b212-3ee4-4943-8f77-a85571f1183c,2024-05-12 15:42:37.690261,8,18,7,2023
91bbdca9-add8-453a-a237-67a8df2c7c7d,2024-12-21 15:42:37.690261,7,1,5,2020
dddda408-7c30-4e84-aa59-5bb609913add,2024-12-26 15:42:37.690261,8,7,9,2021
d7167798-f01a-4e73-8f5b-15f611aff012,2024-09-23 15:42:37.690261,6,4,7,2020
669bee69-c332-4781-ac52-30978a7cba42,2024-02-04 15:42:37.690261,11,27,1,2023
916d4f7e-058e-4721-a24d-fde23ec4a84f,2024-04-17 15:42:37.690261,3,31,3,2023
86c753bc-e85f-49bc-aeec-362e857aedc7,2025-01-26 15:42:37.690261,16,5,7,2022
02b0c140-00ab-41e3-9d86-e7315733f31b,2024-03-31 15:42:37.690261,0,7,7,2022
63cb5f91-fbbd-49c7-8584-22bfbc680ca3,2024-11-04 15:42:37.690261,13,9,11,2023
47c1bee1-8797-408a-9460-33747207712a,2024-04-21 15:42:37.690261,18,24,3,2023
edef5c93-09aa-45b6-81b9-1692fd823a58,2024-10-12 15:42:37.690261,11,29,11,2021
b62c3501-a9ab-4bda-aa56-e709d6c72c8d,2024-03-31 15:42:37.690261,11,8,10,2023
0e2e6021-9e32-4473-84b7-ccfb9116e37e,2024-03-18 15:42:37.690261,23,13,10,2021
ec75a1b2-2a0c-4cab-abe6-0ee70a1e91b3,2025-01-11 15:42:37.690261,12,10,8,2022
3c3b3c6c-fd86-454c-a354-8af8aa3ad408,2024-06-24 15:42:37.690261,2,2,9,2022
8c6e0bf6-a431-45af-b075-f2efc16fd914,2024-02-09 15:42:37.690261,18,15,1,2021
c5068155-f162-47d1-b4e3-533f214d0046,2024-08-18 15:42:37.690261,23,24,7,2023
7ccdedd6-7190-459f-82f9-f5390f29534d,2024-12-28 15:42:37.690261,19,16,10,2021
3fb051f1-d070-494a-a77d-cdfb5905b1a0,2024-06-14 15:42:37.690261,15,11,8,2021
2ce18613-5131-42c0-81ba-6a1863633322,2024-09-26 15:42:37.690261,4,19,1,2020
6bebce1b-1842-401c-bc37-0ae0c34f9d92,2024-08-19 15:42:37.690261,22,19,10,2022
3ac9a8c2-6d3e-4c8d-b079-bcc103fad7d7,2024-08-29 15:42:37.690261,0,26,11,2023
bff900f4-ecbc-40ee-a839-1f41c59629b2,2024-10-30 15:42:37.690261,11,2,10,2023
0f24a994-8fd4-4b34-9b35-aba70f095dbc,2024-11-01 15:42:37.690261,10,2,11,2020
7b76fbe5-6e68-4bd8-84c7-bbe6060fb563,2024-05-24 15:42:37.691265,19,21,9,2022
b8b3ef8b-b2c6-4225-a89a-557ebf5c8e94,2024-03-31 15:42:37.691265,14,21,3,2020
7568a964-3c93-4091-9031-46618d697079,2024-09-02 15:42:37.691265,20,15,5,2020
f95fa682-4b8d-4c05-abe2-cc2c1358fd55,2025-01-12 15:42:37.691265,17,25,11,2022
38e4f6ba-eb53-4bc3-9531-d9a7c31e7642,2025-01-21 15:42:37.691265,16,31,4,2021
2c3b0eb0-ff73-4776-b5a9-66ac7a8f8e88,2024-12-07 15:42:37.691265,9,28,6,2020
ae4923ca-cc2d-41c3-b8ca-529a090af394,2024-08-13 15:42:37.691265,15,12,3,2020
feb3182f-16c8-4967-93e8-0fffaf928a59,2024-03-29 15:42:37.691265,17,19,11,2021
15233334-dfb3-49b2-b88f-be23a87009ee,2024-11-06 15:42:37.691265,12,20,6,2020
7be6b442-814d-4498-9db0-43c506a9a1b8,2024-06-01 15:42:37.691265,14,21,9,2020
919e7124-4d8a-4388-a20a-da583b751c04,2024-03-11 15:42:37.691265,21,15,12,2021
ce266a01-0efc-47af-93a9-9819e641a179,2024-07-24 15:42:37.691265,6,5,5,2022
d7511aa2-8057-44ab-a56b-4ba13d379728,2024-10-26 15:42:37.691265,20,14,4,2020
bee27bd0-1db2-45df-b977-ed15a4ecb5ee,2025-01-08 15:42:37.691265,21,4,12,2022
26b8cbd0-fe7b-42b1-84d4-0fb34a1ee0d1,2024-12-13 15:42:37.691265,4,30,1,2020
f62d9821-b91f-4f3d-b1dd-b05c312bb632,2024-04-18 15:42:37.691265,19,24,6,2020
d9b13adb-8cd2-43ac-bd47-f23642d86477,2024-08-29 15:42:37.691265,16,4,3,2021
42565819-1c51-4104-9f8f-5802d20bcb31,2024-05-01 15:42:37.691265,23,5,6,2020
71d8e53d-57d4-4731-944e-8a256874755b,2025-01-03 15:42:37.691265,11,30,8,2023
ebcb2fcd-7d25-461a-9c88-7eb51b6bf9aa,2024-11-26 15:42:37.691265,4,23,1,2021
06b4953f-a390-47b0-8583-3c312e4278c8,2024-07-14 15:42:37.691265,1,30,7,2022
9f11ecfe-e21d-4cd1-83a1-bc4223f0dff9,2024-05-24 15:42:37.691265,8,23,9,2022
1561fb4c-37d0-4ed0-b238-b078bbad31fb,2024-02-29 15:42:37.691265,11,17,6,2023
dfd31df3-2884-4812-9c9b-8d0cb6662396,2024-04-05 15:42:37.691265,20,9,4,2021
6fdf58a8-c6a0-4cf9-adb0-0643e21986a5,2024-04-22 15:42:37.691265,5,23,10,2020
35c08684-1257-435a-99ea-0e05e5d789b1,2024-08-14 15:42:37.691265,8,24,12,2023
3f42c32b-28ac-4262-8c14-8b3ab1d73f29,2024-04-11 15:42:37.691265,11,14,7,2023
44f1a646-88b0-4b8d-9b80-a9db157079e1,2024-09-14 15:42:37.691265,13,26,1,2020
1bae9c50-843a-4a6e-94a6-e146621cf296,2024-07-17 15:42:37.691265,5,3,10,2021
b06fbae7-7a8a-4a92-a711-f75db96d1cdb,2024-07-19 15:42:37.691265,11,20,8,2023
19d115cd-c117-4419-9695-11b76d071c91,2024-03-08 15:42:37.691265,4,26,1,2021
76fbcf31-43f3-4d80-8f57-9d2f9a8137ea,2024-08-17 15:42:37.691265,5,28,12,2022
d804330d-a5b7-48fd-95b2-6211e8febc58,2024-04-24 15:42:37.691265,14,23,7,2022
266ed386-c392-429a-928f-a4b1baa0dc7c,2024-06-13 15:42:37.691265,0,18,5,2023
b611821e-fbc6-4722-82b3-1efbfd6d1278,2024-08-30 15:42:37.691265,21,25,12,2021
2fa7fa08-9e1c-4953-b22a-c1a2ca1e9937,2024-09-18 15:42:37.691265,4,22,8,2023
b82f5f7c-4734-4fb1-abb5-4849e635eeea,2024-12-05 15:42:37.691265,23,16,4,2022
329ae250-a712-44d9-8bba-6336b8772327,2024-08-06 15:42:37.691265,11,8,8,2020
61da9b63-4bb4-46ef-8c9b-285d306488d5,2024-06-13 15:42:37.691265,0,15,11,2020
fc1f54db-b882-4351-9194-9e7f5b6d1ab7,2024-11-01 15:42:37.691265,15,6,12,2021
cc25c453-1d7d-420a-bc92-83e68bbb8831,2024-11-04 15:42:37.691265,16,26,7,2022
6c436306-28c4-459b-883e-7e55f7d45d68,2025-01-29 15:42:37.691265,16,3,2,2022
3f7d5f59-737d-4bda-9cea-3b0beb70e1d4,2024-11-26 15:42:37.691265,14,7,10,2021
19cc80f9-b619-4312-a1e6-1ee58ce099fe,2024-11-30 15:42:37.691265,3,20,8,2023
3f1843a6-c9ae-401c-b3a7-3d4652311461,2024-09-28 15:42:37.691265,1,6,6,2020
93c8dbb8-8d05-483c-9525-4ed65964e56b,2024-10-03 15:42:37.691265,21,17,1,2021
a4c9f917-96b1-4daa-b34a-ac13c2a191b1,2024-07-10 15:42:37.691265,11,7,4,2022
5469241f-035c-4abb-8864-703b1bdcdea8,2024-10-02 15:42:37.691265,4,20,1,2021
ff09e4c4-5f8c-4c68-b039-1f04b0f6990a,2024-10-02 15:42:37.691265,14,19,8,2023
77740c77-8d94-49b8-a508-504fce7bfc74,2024-04-04 15:42:37.691265,23,16,8,2022
980ad9f5-2f87-49bf-becb-89bb88c938ab,2025-01-05 15:42:37.691265,2,10,1,2020
6cc47624-56da-4646-bc11-a3c43b52d1ba,2025-01-18 15:42:37.691265,5,14,12,2022
ee63f867-64f5-4b7f-8290-1ad83847e299,2024-04-30 15:42:37.691265,0,19,12,2020
d28c3684-cd82-4165-8ba9-96353946b3f7,2024-12-20 15:42:37.691265,22,13,6,2020
3b964ae3-10b4-4741-98cf-8b0a719260f6,2024-05-25 15:42:37.691265,23,27,4,2020
2798d6e1-ab3b-401e-8532-a7be3006acb2,2024-12-15 15:42:37.691265,19,24,7,2022
15d292f4-86d4-47cb-b416-21b2165af6b2,2024-07-21 15:42:37.691265,10,1,1,2020
531c64e3-2748-4755-9d0a-771835a0f9ba,2024-12-11 15:42:37.691265,6,1,11,2022
7253993b-1183-4585-8f6f-63c2e57a38fa,2024-04-19 15:42:37.691265,19,22,5,2020
aea06cb9-3042-451c-8c46-3fa8c12ac410,2024-04-27 15:42:37.691265,18,5,10,2023
429804ea-8a63-48da-aa33-92bdbeb23c3d,2025-01-17 15:42:37.691265,0,16,1,2020
00db3355-1c15-41c8-b0ff-ad4075fc8a86,2024-11-05 15:42:37.691265,15,15,8,2021
a6504519-1336-4e44-94d0-4de11091f789,2024-09-16 15:42:37.691265,20,30,7,2023
cef73079-5e02-4f3f-befa-16d65ad2d545,2025-01-15 15:42:37.691265,10,5,4,2023
235be0bc-4768-4036-97c9-46be3705a925,2024-07-06 15:42:37.691265,4,23,4,2022
5296f230-f96a-4f9c-9a2d-fabf0706b724,2024-06-19 15:42:37.691265,9,14,4,2021
aa474cca-1c53-4743-b367-22ea6dbd8b9d,2024-05-11 15:42:37.691265,20,13,11,2022
b022ceac-5d7d-4025-9451-f1b8064b6cf4,2024-08-31 15:42:37.691265,5,1,2,2020
c45ad507-3a88-4c18-9940-3d164e43dc96,2024-04-02 15:42:37.691265,8,20,10,2023
60758b5e-77f5-4702-a8a3-eb2abf80a3be,2024-05-16 15:42:37.691265,4,31,7,2023
387a0c24-d2b0-402d-b5ac-a2175f9a79aa,2024-12-04 15:42:37.691265,22,17,11,2021
bfeba2ae-d05c-442a-b960-ba4569fe9fa4,2024-10-12 15:42:37.691265,2,8,12,2021
834bfadf-d2a9-467f-84d7-8e7ddc86e44c,2024-02-22 15:42:37.691265,19,4,9,2022
4d4f91ad-f64c-4ffd-a959-aab0db982683,2025-01-26 15:42:37.691265,1,29,4,2020
9f40a0df-1523-48cf-b383-fe132cf092f3,2024-09-13 15:42:37.691265,19,20,1,2020
07510223-ed89-42b1-9e6b-b2c22ea62ebc,2024-12-29 15:42:37.691265,5,10,6,2023
21b14e4c-c040-45ca-8a68-998999a03993,2024-11-26 15:42:37.691265,16,6,7,2020
fdf2748a-364e-48e1-aef7-ccd2c44b2f8e,2024-03-22 15:42:37.691265,7,9,10,2021
fd40d75e-b9c6-4f62-a8c3-ae40b7aaea0b,2024-08-10 15:42:37.691265,5,19,3,2021
bb5e5dc0-c9b1-4ca5-9730-0959f4458068,2024-04-20 15:42:37.691265,20,22,12,2022
33b89318-7cc1-4a66-868e-d7a93f13e6f5,2024-11-04 15:42:37.691265,23,12,9,2021
56791183-4b16-437f-ad94-2c2c93f3fe58,2024-11-24 15:42:37.691265,15,20,7,2021
81670c7e-a6fd-46b0-8151-36e2500c4bab,2024-02-23 15:42:37.691265,8,16,2,2021
ca440faa-8d61-4f2d-afdc-30ed34c608a1,2024-08-15 15:42:37.691265,4,28,5,2020
923ea747-15ad-4a4c-b3ec-8d7d9005876d,2024-03-18 15:42:37.691265,7,18,5,2022
3a42ac09-e84d-4ec3-a7fe-2a988e5f1bfa,2024-03-27 15:42:37.691265,15,2,12,2020
a328fcb2-6049-4c56-8323-f1951a60909b,2024-12-07 15:42:37.691265,18,21,10,2022
39b3b5b2-a57c-4f7c-a9da-20caa422ea31,2024-09-23 15:42:37.691265,2,24,10,2023
89580a53-7abf-45cd-9472-d21d39c26713,2024-05-12 15:42:37.691265,23,21,9,2023
9050206a-c070-41d6-80e1-77398d0303fd,2024-06-04 15:42:37.691265,7,28,10,2021
7e520402-0c6e-4094-8b44-385a56e3663c,2024-08-13 15:42:37.691265,2,28,7,2022
2fc45cf0-b636-4391-a038-a096c05727bb,2024-02-01 15:42:37.691265,19,15,10,2023
d3ea9613-0fcc-4dfe-815e-5e1b72b9d42f,2024-03-07 15:42:37.691265,13,20,8,2022
303e03c4-a7c5-4f83-9d71-9ee4528b1025,2024-07-08 15:42:37.691265,18,6,11,2021
1aa94439-0d60-425e-972a-1c1ead0fe2fc,2024-09-12 15:42:37.691265,21,29,12,2021
eabeaf6b-49dd-48ba-94e3-2d7911d389de,2024-04-16 15:42:37.691265,11,20,8,2022
22005b3c-de43-4489-94bf-c2311e0f45b1,2024-11-13 15:42:37.691265,22,10,9,2022
50ab9641-e63b-4a3a-a3f3-93b904523096,2024-11-07 15:42:37.691265,12,27,9,2023
5155abaa-2539-4068-a37b-82ce130020b5,2024-04-01 15:42:37.691265,21,9,1,2020
6ca0063c-e8c4-4fc7-8d8c-39081a6c2d32,2024-05-16 15:42:37.691265,0,12,10,2020
d82f9efb-7192-4dbe-ae23-e8c94af8cc30,2024-02-18 15:42:37.691265,19,29,6,2023
67b92fbf-835d-4737-9411-b11e1b0cd994,2024-02-12 15:42:37.691265,13,11,5,2023
62bde75e-6182-4486-b09a-b4651ac32d10,2024-03-21 15:42:37.691265,15,20,12,2021
58b5e21d-9a88-4d7f-b201-06bc0fc1bc57,2025-01-25 15:42:37.691265,0,27,1,2022
0d7bd837-e275-4db2-98d8-8e72fff19261,2024-07-21 15:42:37.691265,10,15,8,2020
f62fe079-4e44-4ff9-8acd-d6c9a5bd4659,2025-01-16 15:42:37.691265,21,19,1,2020
bacc30f0-be7d-452c-a55c-55ddac36c728,2024-11-11 15:42:37.691265,3,2,7,2023
78531076-775c-4b8f-a7a6-e8051d259973,2024-10-19 15:42:37.691265,20,16,6,2020
fde47f4b-233c-487f-9cd4-3754c4a7d03e,2024-02-25 15:42:37.691265,4,27,7,2020
6da99efc-c08d-48fc-a73f-6251234ad3b8,2024-02-05 15:42:37.692266,20,30,5,2020
aa8bd478-9a48-4563-9917-b5e305ea95ce,2024-09-13 15:42:37.692266,5,3,11,2020
8a58c5e6-ed6b-4270-b324-4ae8a371fd1b,2024-11-01 15:42:37.692266,15,10,6,2021
1b78d9fe-e79e-49e9-b174-7ef60656a184,2024-06-04 15:42:37.692266,2,11,11,2021
fa44d9b0-12e8-4688-a8ad-1dc9d118e84e,2024-12-23 15:42:37.692266,13,27,8,2021
1543119a-34bd-464a-8bf3-66de40d51cd7,2025-01-10 15:42:37.692266,21,15,8,2021
c026c986-d56a-44db-b017-4ed94b2374b2,2024-02-26 15:42:37.692266,0,22,12,2020
735e39bb-22ea-492b-8c98-722b6baddeeb,2024-05-01 15:42:37.692266,21,22,9,2021
bf12ceec-30d2-4b7a-b659-8131bc0242e4,2024-08-25 15:42:37.692266,23,24,2,2022
64c18f44-24cf-46e3-9285-6cd686727e6b,2024-04-05 15:42:37.692266,10,26,5,2021
9175bf37-2bfe-4516-b507-48a2959fcbaf,2024-03-07 15:42:37.692266,1,6,1,2023
ed74ecdc-7ca1-4914-b661-94c7c296ffb7,2024-04-05 15:42:37.692266,11,21,11,2021
95c9cfad-a2ec-4b05-baea-eb226bd9ecd1,2024-12-15 15:42:37.692266,15,14,11,2020
6960d3db-c4d1-45ad-8dc8-cc32b98c2693,2024-06-14 15:42:37.692266,10,5,10,2023
887bce4a-81e8-4e09-b602-d5d09669b722,2025-01-12 15:42:37.692266,14,9,9,2020
a1392825-1f6e-4b09-8f2e-485b43b60c94,2024-02-13 15:42:37.692266,9,2,4,2020
dde54e8b-4247-4ced-9c1b-dfcc39f638f9,2024-09-27 15:42:37.692266,13,29,4,2020
2f702128-18cd-41ef-9b80-37d8d9170377,2024-12-18 15:42:37.692266,5,24,10,2020
7b1404fe-95a0-4c0a-b86c-d8cf858606d9,2024-05-01 15:42:37.692266,9,18,2,2021
59672cbd-ee30-4a6f-8f4c-db5eb6b7cbe8,2024-05-24 15:42:37.692266,20,17,12,2023
5c228576-1a7b-4c0d-904c-ca90521df5cf,2024-11-14 15:42:37.692266,13,8,3,2021
1567df6a-e062-433c-a2ef-31a0765519ab,2024-03-28 15:42:37.692266,20,9,8,2020
2fd4cac4-c706-46d8-98c6-3df3905df507,2024-12-19 15:42:37.692266,22,19,9,2021
bb79346a-c22e-4bdc-8606-4cab50983c38,2024-09-02 15:42:37.692266,21,1,2,2021
496001bf-0e06-418c-8672-f65190e629b6,2024-04-01 15:42:37.692266,2,14,10,2021
2c62f93f-6fe3-436d-bfbe-0c7302ded6be,2024-11-22 15:42:37.692266,9,26,5,2020
4d3feb55-c8a2-4552-8d98-1c1c35747a9c,2025-01-03 15:42:37.692266,2,24,9,2023
5eb01732-12c0-4d90-990d-7266e4c37a95,2024-10-14 15:42:37.692266,4,19,2,2020
b52a2f19-2dbf-48a9-8a5f-793c2e6e32ab,2024-02-13 15:42:37.692266,8,18,4,2023
18f476c5-a42c-40ab-9b0a-d84e955c8218,2024-10-17 15:42:37.692266,20,4,6,2021
615c9081-da02-471e-876f-fc2c2e99cc1e,2024-10-08 15:42:37.692266,4,6,3,2022
c4c09362-5716-4f29-b746-2f755c1e0dec,2024-08-09 15:42:37.692266,7,26,4,2021
8fb3d42e-543f-4e21-99fe-0004a654c275,2024-02-16 15:42:37.692266,4,28,2,2023
2343eabf-98e5-4993-b7ff-8a28da004965,2024-10-21 15:42:37.692266,6,21,5,2021
159afa67-fcfd-4073-b8d2-cec81da0e1e5,2024-09-21 15:42:37.692266,10,23,5,2023
7dd8976e-e6e0-46cb-b6e9-dd3b456babfb,2024-09-01 15:42:37.692266,19,24,5,2023
7e334917-ed8b-4989-82c9-a8f3451f10e4,2024-10-09 15:42:37.692266,18,25,8,2022
bd0b84da-17c5-41ad-99fe-66950874563b,2024-11-04 15:42:37.692266,17,9,8,2021
67f5b49e-727d-4a44-887d-d20348532dba,2024-08-02 15:42:37.692266,21,15,12,2020
a53187b1-0aa7-415f-aea1-2056672760bc,2024-08-26 15:42:37.692266,14,25,12,2023
46198391-f45f-406d-8eba-3ee8cbc376f4,2024-07-25 15:42:37.692266,23,10,12,2021
696b3f11-0e4f-48af-b0ca-2b8180048cae,2024-05-06 15:42:37.692266,21,2,9,2023
bf33e920-e07b-403e-849f-6c6fcbff5c4c,2024-09-02 15:42:37.692266,2,1,9,2022
55414f33-c0ca-43f1-b36c-6267defdcaf2,2025-01-12 15:42:37.692266,19,7,6,2022
01bdd1a3-807e-44cf-b63c-75e829e88705,2024-10-07 15:42:37.692266,11,26,7,2021
2c3b963e-3183-4ef0-bcf7-ef177e0a76f9,2024-05-24 15:42:37.692266,22,28,3,2021
2adbfb90-f128-48ee-b96b-08efc7384471,2024-10-07 15:42:37.692266,14,4,9,2020
99743330-0869-4bcd-bb39-4bef1fb3838f,2024-11-16 15:42:37.692266,9,11,10,2022
75092f2b-d353-4ec6-a755-6ac615c05725,2025-01-08 15:42:37.692266,15,23,9,2020
44147aa0-5e2d-430e-a203-7f6d7d1f81b1,2024-12-27 15:42:37.692266,18,8,12,2021
1489054c-f889-4ab5-9277-38be572c4906,2025-01-09 15:42:37.692266,12,14,7,2020
c11b7a91-4d4e-48d7-9515-482dbd866949,2024-05-20 15:42:37.692266,13,31,5,2021
4fc5258d-26bd-46b8-850c-c87548065f0b,2024-02-27 15:42:37.692266,13,1,1,2020
363d100c-3954-469f-8547-bcc025b2afd8,2024-04-18 15:42:37.692266,15,21,4,2022
4dc70ce5-65f7-4c26-9b51-bb401c1d013a,2024-11-08 15:42:37.692266,19,21,8,2022
49bccf5c-3cae-4a6e-ae2d-9670bb7ad3e9,2024-03-31 15:42:37.692266,4,9,2,2020
723e01d6-a6a1-4bad-ae6b-358cea4a95a4,2024-10-05 15:42:37.692266,1,10,2,2023
85be4aaa-f5a6-4516-b2c4-632c6d7f974c,2024-07-28 15:42:37.692266,20,7,7,2022
b581159e-5b95-40e0-a42c-73a6f8ca895e,2024-06-07 15:42:37.692266,10,24,7,2022
b59a52cc-9cda-4404-84ed-4cd5f3933982,2024-02-11 15:42:37.692266,16,4,6,2023
245adb5f-59e1-4f7f-9e01-b3c52fadf800,2024-08-28 15:42:37.692266,1,28,6,2021
61969ccb-7c0d-41ed-a8d1-dd4cbd31f6a1,2024-12-24 15:42:37.692266,2,7,4,2023
76259597-d23e-469d-8593-67ca41ed91fa,2024-06-03 15:42:37.692266,11,29,8,2021
6b7e1e41-a927-46b6-8c5e-e5c393190461,2024-06-19 15:42:37.692266,15,6,4,2022
0fee6d58-f180-49ee-bb6e-c825c0ea3d0a,2024-03-09 15:42:37.692266,18,4,11,2020
ddf38366-e2f1-4294-b14a-72d4a272c952,2024-11-16 15:42:37.692266,17,11,10,2020
a6be974d-c4de-4b93-9353-90b5e42b4496,2024-11-13 15:42:37.692266,18,21,3,2022
1d54927d-e206-4dab-a61d-a0536be131f4,2024-06-30 15:42:37.692266,8,22,10,2022
aaac1965-7391-456b-9cc0-42e98d080612,2024-02-20 15:42:37.692266,21,11,3,2022
4da787d9-8949-4320-91f2-83cb90457d01,2024-08-15 15:42:37.692266,3,21,11,2023
d9d0e59d-fcfc-484b-8fdd-0e03042353e6,2024-07-17 15:42:37.692266,13,5,8,2021
2811962b-ea5c-4847-a98e-ca3afbc56d07,2024-03-08 15:42:37.692266,0,25,6,2020
d36c8e94-24fd-4f55-9861-f5d3e9f9d357,2024-09-24 15:42:37.692266,16,26,6,2022
ed828697-f83f-447e-ac7b-7665f381d9ff,2025-01-25 15:42:37.692266,18,31,4,2023
3e43676f-e180-45cc-b1ab-f7879597ed64,2024-04-03 15:42:37.692266,16,30,1,2020
c52faab8-e47f-46f6-94b0-8906173142d6,2024-09-23 15:42:37.692266,22,12,5,2021
0b7f83dc-1ad7-4e75-9cc5-9fdee51ed1de,2024-07-08 15:42:37.692266,17,18,8,2021
0d5b51eb-c297-4bfb-950a-b1511161912c,2024-09-21 15:42:37.692266,15,21,12,2021
a81312ec-c65f-4c3b-a847-6149fb36b4a5,2024-06-12 15:42:37.692266,10,30,5,2022
00fbc43e-907b-406f-bde1-072e811ca4ff,2024-02-29 15:42:37.692266,17,2,2,2021
42a8f1a8-213f-4929-b75d-c8b9c33cb2c1,2024-10-11 15:42:37.692266,4,19,8,2022
1ff581a7-14e5-4e31-b90f-a8fb919596cf,2024-02-27 15:42:37.692266,14,9,5,2022
11a0aa00-2ae9-48ff-be7b-7872d8dfc224,2025-01-14 15:42:37.692266,3,28,3,2020
aad8a5ae-9cbe-47a2-bcf3-74fbdf126fd2,2024-12-18 15:42:37.692266,18,19,11,2020
82de95a7-fd8f-4782-bda4-fb98cd77a2c7,2024-03-13 15:42:37.692266,15,27,5,2023
11a0812d-40f2-4645-9ff0-f6b12185cdc2,2024-04-15 15:42:37.692266,12,13,11,2020
0bad94b0-4d12-4279-a662-63fca876d460,2024-09-26 15:42:37.692266,0,30,12,2022
3b563693-861d-44dd-8b91-439b8372a953,2024-02-16 15:42:37.692266,19,3,11,2022
08d8830a-c342-4815-a6d2-29c1cfd6057a,2024-04-30 15:42:37.692266,5,8,9,2021
f7fdce9f-f879-4572-b393-30651dfe8098,2024-05-29 15:42:37.692266,19,25,6,2022
7685db13-0fb6-45f7-9f40-2432b8a3319b,2024-04-09 15:42:37.692266,5,6,10,2020
5967b373-78f5-46e7-a175-c64ed0b35bd4,2024-09-05 15:42:37.692266,11,22,5,2023
1aee44ee-b84b-4ae0-a38f-213ef38ff33e,2024-10-11 15:42:37.692266,0,14,7,2022
cf2bda75-373a-4557-8db7-d641770dce79,2024-04-26 15:42:37.692266,3,29,5,2021
c574cde8-efd3-4cfe-bc81-9b5c7e09057d,2024-03-11 15:42:37.692266,5,5,7,2020
d15e4e99-5959-436f-8493-3bacda9a4a1f,2024-07-29 15:42:37.692266,11,5,11,2022
08d14c34-a6b4-4406-a9d0-0af414913d12,2024-04-23 15:42:37.692266,15,28,5,2021
7562a750-9bb4-4212-92f1-427d0e2132ff,2024-07-06 15:42:37.692266,15,24,10,2022
814f0db4-66ed-49d7-9df4-e200befdc4c6,2024-04-29 15:42:37.692266,15,31,3,2021
727c4d73-3b39-415a-92da-2318df172176,2024-10-10 15:42:37.692266,12,22,7,2021
f5ca9909-1bf6-47b1-9ab2-88fbdd20df66,2024-05-09 15:42:37.692266,2,26,5,2022
83bdab3e-314b-424b-9ed2-e7587c29fff4,2024-10-24 15:42:37.692266,16,5,2,2020
5e8118b3-f1e3-44a7-9dc6-2c46e18fff46,2024-12-01 15:42:37.692266,10,12,3,2023
5ddc01c8-15d3-41f3-abb6-6d21cb78bfff,2024-07-05 15:42:37.692266,10,7,9,2020
58d29153-944c-4e2c-95da-ce0b3c9e7a18,2024-09-30 15:42:37.692266,23,14,9,2022
d2d25a7c-a833-44c9-9411-01b7950f1e11,2024-10-10 15:42:37.692266,17,30,9,2023
462b9107-206d-490a-b770-c6a93626d33d,2024-03-31 15:42:37.692266,9,11,3,2021
811bf7f7-d00c-4187-a77f-b4c76b5f7193,2024-04-22 15:42:37.692266,5,31,11,2020
4caf3871-9ede-425a-8a44-9fc0eb33c7e5,2024-08-24 15:42:37.692266,4,29,1,2020
19cbc032-b0e3-4612-b429-69f4bc2628dc,2024-12-12 15:42:37.692266,4,17,3,2023
7f526ace-57f2-487a-9a97-20f4b54b48aa,2024-09-23 15:42:37.692266,23,20,4,2022
2e28b178-1937-479a-96e9-550c1f152732,2024-11-05 15:42:37.692266,1,4,2,2021
25ab50c8-3ac4-41f6-91fa-bec986e5a6d9,2024-10-01 15:42:37.693288,18,19,8,2020
b2062a70-2749-42aa-835d-45b5c91c22d7,2025-01-06 15:42:37.693288,5,13,1,2021
3296e1f8-09b3-4c85-b354-163c55aa4bc0,2024-11-06 15:42:37.693288,3,18,6,2021
c132d8de-ceb6-4f0a-b5fa-02984e0a515f,2024-08-02 15:42:37.693288,13,12,9,2021
6c9f4498-0336-465d-9ec1-7896b683c078,2024-12-21 15:42:37.693288,2,11,10,2022
34daf71d-6097-4308-bad6-c6ba48c8afe2,2024-11-13 15:42:37.693288,9,8,5,2020
bbbad5ae-8abe-48c5-9f78-a51500c4f715,2024-05-15 15:42:37.693288,0,21,1,2021
62dc1451-75d4-437d-8fc8-3a0819f58b13,2024-07-25 15:42:37.693288,10,1,5,2020
ad7a755c-229b-4271-99c2-f758150745d7,2024-05-13 15:42:37.693288,15,4,11,2020
22c868b5-983f-4f57-a40c-d5ff0161779a,2024-04-18 15:42:37.693288,17,3,9,2023
6c8e6be0-7908-4431-a32c-c0b5b913d859,2024-08-04 15:42:37.693288,13,2,2,2020
e07e1ebf-1faa-4617-bc4b-a6338e032c80,2024-03-20 15:42:37.693288,15,6,5,2022
15a705ec-4d44-4bd0-b790-aa19f7d2e0c5,2024-10-09 15:42:37.693288,16,11,1,2021
8315e78c-491f-4111-b531-0d4f0871c310,2024-11-29 15:42:37.693288,12,7,9,2023
179fd24e-48da-4df0-81c0-a684f5ff1302,2024-08-15 15:42:37.693288,7,22,12,2021
d0f8dfdf-d349-4fad-90ec-6073edf0b276,2024-08-31 15:42:37.693288,11,17,10,2020
3feafd45-231c-4009-8397-7fb72679d6e7,2024-08-01 15:42:37.693288,3,14,2,2021
e0237b6f-a9bf-4b5a-8ee7-1e576dc47497,2025-01-23 15:42:37.693288,15,31,6,2021
a2b46fe0-8e1f-4b62-999b-7d0d6ed57031,2024-05-23 15:42:37.693288,3,28,6,2022
395a1e45-3cbb-4980-830b-1ca9f9dc5950,2024-09-09 15:42:37.693288,13,24,7,2020
5dafa49c-dbb9-4252-b2b9-44c01f1d4778,2024-05-25 15:42:37.693288,1,27,9,2020
5d7b74ab-b769-44bc-9248-8d86ada1ae61,2024-11-29 15:42:37.693288,19,20,7,2021
837103d9-eed6-4f9e-a996-69ed95b52de8,2024-11-10 15:42:37.693288,8,18,10,2021
6a37caba-94d0-4d98-b8e7-dec37f7538d0,2024-03-02 15:42:37.693288,4,13,7,2020
a3f5fd03-43aa-4f24-befe-8a2fef073014,2024-08-16 15:42:37.693288,19,25,11,2020
dd384e95-fbe4-4ee0-889b-7aa5cffee54a,2024-11-23 15:42:37.693288,5,7,10,2022
2ce532ba-6561-4a53-8bdd-4a4503ad4f0c,2024-04-24 15:42:37.693288,7,20,9,2020
919e684f-1800-422e-8325-0004e357bc9a,2024-10-24 15:42:37.693288,1,7,5,2022
36cea723-804c-4442-b6b7-c3c2af75ad7e,2024-06-06 15:42:37.693288,20,19,6,2023
e54d2463-c703-4a43-9aca-44499f355726,2024-10-20 15:42:37.693288,5,4,7,2021
943fd455-e1b3-4f6d-99e4-b92f2b635ddc,2024-02-18 15:42:37.693288,20,4,2,2022
b8d52243-39bc-49e2-af0f-c000ee45f8b7,2024-09-09 15:42:37.693288,3,2,1,2020
8c3228fd-10ef-4e4a-b530-8df8c72e013a,2024-10-30 15:42:37.693288,20,9,5,2021
fc85ca34-36f1-4b8d-84f7-bbac107efa41,2024-12-21 15:42:37.693288,23,25,1,2022
7f1d6e0d-efc3-415f-b68a-442d9f50fdb4,2024-05-01 15:42:37.693288,7,14,3,2022
47ebce1b-7ef7-4e0d-80b1-19532e6c3e4b,2024-05-31 15:42:37.693288,18,11,10,2022
cf5652ac-7eac-4d95-afaf-556991a07c4c,2024-03-17 15:42:37.693288,21,21,4,2022
951c9179-7e23-41e2-8f9e-28efb443df88,2024-11-18 15:42:37.693288,19,16,2,2022
a0579dc5-5501-4252-8938-a8224757448d,2024-06-14 15:42:37.693288,14,15,6,2023
09663e1b-1376-4aec-84b2-2695c5d07929,2024-02-01 15:42:37.693288,13,7,6,2023
b75fcfbf-ab9e-4c4c-8d38-23585e228e7f,2024-02-29 15:42:37.693288,20,13,9,2022
effb6533-51cc-4715-a70b-455b6ed32109,2024-06-13 15:42:37.693288,16,25,7,2020
905b73cf-1d56-4b3f-b12a-79b08e3d6e1f,2024-06-03 15:42:37.693288,1,1,6,2022
f04271d3-6d7a-431e-bd50-5821e903aab9,2025-01-20 15:42:37.693288,23,12,7,2020
fb684d2c-d87a-48a1-a509-1d6ea514626f,2024-04-06 15:42:37.693288,2,31,2,2021
d5c07c9b-29be-4961-be3b-5eda168aaa51,2025-01-07 15:42:37.693288,19,12,10,2020
b8c9335c-842e-47bc-913a-ad6ac7093fc9,2025-01-16 15:42:37.693288,15,9,10,2021
ebab5ad2-3f9b-47dd-9c47-0ea152faa090,2024-02-25 15:42:37.693288,21,26,4,2020
b304bb57-5859-434a-b6f8-4dc617e3bb82,2024-02-16 15:42:37.693288,4,25,2,2022
fadd3221-ee29-4f02-a341-15154d08d5f6,2024-11-27 15:42:37.693288,15,23,10,2020
c3d87f4f-dadf-4c3a-9250-c534ceeab60e,2024-05-31 15:42:37.693288,18,28,1,2020
53f4b721-da33-4bda-abb8-9d78685171b4,2024-10-14 15:42:37.693288,3,18,3,2023
3e4157c5-68e6-43d6-9113-28204713dac8,2024-05-24 15:42:37.693288,4,19,12,2020
77863bae-fcb9-47dc-9588-74616c831ed4,2024-10-06 15:42:37.693288,16,7,12,2022
33d77edc-95bb-4f3a-a556-9c8e60424f7c,2024-05-31 15:42:37.693288,6,26,4,2021
b7453c58-d012-4977-8b0b-c94d247130e1,2024-10-28 15:42:37.693288,18,2,1,2020
5098d695-a75a-4a5b-9394-853a15c13e07,2024-05-08 15:42:37.693288,8,11,3,2023
d9c7e1f9-9dcc-445a-a2c3-51b1985e7595,2024-11-25 15:42:37.693288,22,22,9,2021
d5d83a21-cd36-4006-87cf-be53b839b55d,2024-08-11 15:42:37.693288,5,27,12,2022
718643eb-009d-471c-8d5a-faa53f9f135f,2024-03-01 15:42:37.693288,9,25,5,2023
98fcbcf2-85b9-4d75-9333-c0ffdca53b8f,2024-05-23 15:42:37.693288,15,6,8,2020
bcc327cb-8436-45b3-af14-7907441ef6ff,2024-05-14 15:42:37.693288,4,26,8,2023
720422ac-4420-4035-9538-29d2d10dc7aa,2024-03-16 15:42:37.693288,15,17,1,2020
114733f5-f205-46c3-a844-aa74ac9c2a10,2024-03-04 15:42:37.693288,12,20,4,2020
a1567ea7-c709-4b2c-894a-333bdd47801e,2024-11-03 15:42:37.693288,2,8,3,2020
4bdf24a5-b707-45eb-a3cd-8adb42b1dca9,2024-06-03 15:42:37.693288,13,19,2,2023
65a545c6-dcd2-4c97-818f-26956fb57b48,2024-06-06 15:42:37.693288,7,3,10,2023
7084560a-3986-4379-b958-3b2f02370964,2024-11-21 15:42:37.693288,6,4,6,2021
6a87e12e-505b-4931-90fe-bf7948390c70,2025-01-06 15:42:37.693288,10,30,6,2020
ae639bd5-3bd5-47cf-8d84-c4f50ee91d21,2024-04-28 15:42:37.693288,19,6,6,2021
645f96bc-fd75-4bbc-add4-929b9cfe6fe3,2024-06-25 15:42:37.693288,20,12,2,2020
14cb2253-ddf5-48b1-8828-96cf0000765e,2024-12-10 15:42:37.693288,7,8,8,2020
93a068a1-17ba-4ea9-99cf-c48ff89e2ed8,2024-11-08 15:42:37.693288,14,8,3,2021
35859bf0-23f3-4591-9ef8-f2754997edb1,2024-07-30 15:42:37.693288,6,18,7,2022
80b13214-6021-4541-975c-45f02f0a7d20,2024-08-06 15:42:37.693288,7,24,3,2020
579f78c1-9519-4f6f-ae02-5efcfb265b80,2024-06-15 15:42:37.693288,1,20,4,2020
19ffeb00-0790-40fb-985d-1b54ddd893e0,2024-04-11 15:42:37.693288,22,5,10,2022
f4359500-cfe5-4f20-a048-522c0c9d8fb9,2025-01-22 15:42:37.693288,18,2,12,2020
9e780c2d-8cf4-42cd-8d16-fca03cb353d3,2024-10-27 15:42:37.693288,18,5,5,2023
11cf1718-65ef-4171-99af-87ee79ebe129,2024-08-14 15:42:37.693288,10,15,6,2021
98dd17b2-1d14-4aa7-82b0-fbb96eb9a286,2024-05-31 15:42:37.693288,12,11,8,2022
d300bfe5-2414-41b8-9c59-1265c58f04ba,2024-08-02 15:42:37.693288,10,8,12,2021
e14922a6-3f16-4499-b8f4-a8f3ea5ea374,2024-08-09 15:42:37.693288,16,15,3,2022
66ed6854-99a2-4854-aea0-dc032ab81db8,2024-10-29 15:42:37.693288,17,3,1,2023
2c8c9587-f775-43ef-98a9-fd7d59d1ad3e,2024-10-19 15:42:37.693288,21,6,5,2023
892d0720-4abd-493e-bc86-59c1e3037d19,2024-06-22 15:42:37.693288,10,8,7,2023
7172555d-1cab-4577-83a2-049678d4710a,2024-04-10 15:42:37.693288,3,24,6,2022
4add6254-eaf8-402a-92ad-dffe8b5cd145,2024-10-05 15:42:37.693288,18,28,10,2020
2490e1c1-7a66-4342-b96b-3708af9ea77e,2024-09-17 15:42:37.693288,20,10,9,2022
832b1817-7b17-4a45-ba79-4235a679c859,2024-02-16 15:42:37.693288,10,1,4,2021
78932f1e-2dac-414e-b82a-fbe3c0b09ea8,2024-07-31 15:42:37.693288,19,14,10,2022
d9dce0c3-fc35-4304-b766-9de2892dae77,2024-12-07 15:42:37.693288,6,4,7,2022
464a309b-6053-4181-820e-9d165e5fc7eb,2024-02-09 15:42:37.693288,0,1,5,2023
c7f3f78a-f831-47d4-b049-8ce4b4f48915,2024-10-25 15:42:37.693288,16,19,10,2022
5a4063ff-76c4-4cb4-9d4a-8450d0a710d3,2024-04-08 15:42:37.693288,23,7,6,2020
60739f6b-bcf5-412a-9e38-6fb7676bd73d,2025-01-07 15:42:37.693288,11,25,2,2023
93ba06eb-5519-4233-a0cc-b7c08f9dee46,2024-02-28 15:42:37.693288,5,13,10,2020
d676e066-104c-4b80-914c-55b7b92bce1f,2024-08-18 15:42:37.693288,10,18,11,2020
d14d41a3-1735-4c99-88e1-d4a99c089a4d,2024-06-04 15:42:37.693288,19,12,10,2022
ced814e6-4a7b-48ec-b8ca-3810897b8033,2024-05-08 15:42:37.693288,1,29,9,2020
afb56d31-b4a0-41f5-b5d7-b72a0b0836e2,2024-10-08 15:42:37.693288,1,22,7,2022
0b076d46-3767-47a5-bf3a-4609cdb0e291,2024-08-24 15:42:37.693288,9,19,2,2020
0131ac3d-b4ac-4d45-94fa-44a719073e30,2024-04-18 15:42:37.693288,7,12,7,2023
be3f02ad-9e7c-43c3-a53d-217461af7c68,2024-07-12 15:42:37.693288,1,7,6,2023
07c22784-23cc-49dc-8fe3-7de6add0eef4,2024-06-23 15:42:37.693288,21,12,7,2023
9a559d37-e5ed-460d-a9ef-a2430b7323fd,2024-02-23 15:42:37.693288,0,30,3,2022
804a2435-6549-401a-9660-703c7edd00a4,2025-01-06 15:42:37.693288,12,23,3,2022
81088139-ef14-4016-b52f-bc96661d11f7,2024-09-10 15:42:37.693288,21,19,2,2021
959bdf6e-0ba7-4007-9630-f34e51e59237,2024-09-02 15:42:37.693288,9,31,8,2023
1c9816d7-af4c-444d-a774-72f03fef979d,2024-07-06 15:42:37.693288,4,16,9,2021
7ea275b7-2ddc-43a2-bd81-7b034781cff2,2024-06-02 15:42:37.693288,22,2,1,2023
87d6aa9b-c2bf-4727-8340-2365fe0522f0,2024-02-14 15:42:37.693288,11,29,7,2023
05501158-e0e4-4e60-9f2e-c83f7392373b,2024-02-24 15:42:37.693288,4,24,9,2023
62bf739d-07ec-4062-8a54-93bc3516cc69,2024-06-03 15:42:37.693288,8,31,12,2023
c203614d-e45f-4e58-9809-4d87fec0f388,2024-12-18 15:42:37.693288,7,19,11,2020
7c6a50d9-9223-4b61-85b4-6a12f4140af5,2024-09-06 15:42:37.693288,23,13,2,2020
8030a6fa-cbde-41f1-af0a-82212d7c8122,2024-05-19 15:42:37.693288,1,4,4,2023
e5f0dcb0-9b53-4492-b7f7-50b714ab4214,2024-05-17 15:42:37.693288,13,12,6,2022
7e79d209-d73e-4a25-836f-5ce713fae2a5,2024-07-13 15:42:37.694270,12,15,10,2022
49c55c4a-51a0-44ec-9d9f-138cdd9b4c24,2024-07-02 15:42:37.694270,7,4,7,2020
149e1526-46ce-4254-a0e4-76309eb0a813,2024-02-13 15:42:37.694270,11,31,10,2021
d352cb6b-1611-453a-a99b-b6609f3f2d3b,2024-11-24 15:42:37.694270,10,14,6,2022
9015c7a1-f35f-4e38-930b-a6a49107a8be,2024-02-12 15:42:37.694270,13,14,6,2020
c9b0944c-43d8-4449-aeda-f34f8fd2a140,2024-05-17 15:42:37.694270,15,3,6,2022
478ca5d3-6658-4e64-b0d5-4b75cad2e895,2024-06-24 15:42:37.694270,7,24,4,2023
8d017281-6a48-410e-bef1-6aae69245a89,2024-06-14 15:42:37.694270,11,6,10,2023
510854c9-5cbc-4aa7-afb1-226286b6df44,2024-12-12 15:42:37.694270,10,30,4,2020
292ba264-8a12-4074-b15d-e36078b98e74,2024-04-05 15:42:37.694270,12,24,4,2020
9082f1c7-f024-4af7-8040-3eac3a986e6d,2024-11-10 15:42:37.694270,2,18,12,2021
a1902bf7-4de8-45a3-a2e5-8cfbc1b4baee,2024-09-15 15:42:37.694270,20,17,6,2023
9de813aa-7a1f-4c40-b878-db422145e5c6,2024-10-09 15:42:37.694270,11,5,11,2021
48c75a77-16d4-415f-be14-b6aef7660315,2025-01-07 15:42:37.694270,4,26,8,2022
cdc0528f-1250-4a2f-99bd-a3b85da3e71e,2024-06-28 15:42:37.694270,15,7,11,2020
5b57a03a-afb4-4578-ab94-d69680662967,2025-01-02 15:42:37.694270,23,26,8,2021
e9b7523c-bf78-4cb4-8c8d-90b8f702058f,2024-12-21 15:42:37.694270,18,24,11,2020
ccc5bb1e-24f1-4488-ae76-c1c34ab80246,2024-10-19 15:42:37.694270,23,27,5,2021
118b955b-e48e-4f94-aad1-9fd8a986ab8f,2024-09-13 15:42:37.694270,10,14,11,2023
00ff4117-6dd5-4770-aded-a7728874f8fc,2024-07-10 15:42:37.694270,5,24,1,2022
f7d8364c-0579-4f8e-9f56-cb7ceaccacd0,2024-12-12 15:42:37.694270,17,9,9,2021
1c6297ba-c697-4f24-a073-788777e03940,2024-04-18 15:42:37.694270,12,14,7,2023
80bf1eac-3a5f-4cce-a37e-81f9c66e3840,2024-11-07 15:42:37.694270,3,13,2,2023
e96d7884-a07c-474f-a0f3-4de9abeb5981,2025-01-10 15:42:37.694270,8,29,12,2022
9211bb00-9dfe-453b-b0bb-7b54effc2418,2024-04-04 15:42:37.694270,4,20,10,2020
b0943783-7ebb-46ea-b847-1b6a6628e7cc,2024-10-23 15:42:37.694270,4,3,10,2021
b4235be2-6a98-43be-be99-9a08bb62a197,2025-01-12 15:42:37.694270,13,30,9,2023
94fa7cbd-9378-4ba1-80a0-03535be97ce3,2024-07-10 15:42:37.694270,16,19,2,2021
97f4268a-0ecd-46b6-b67c-a22167479cff,2024-07-05 15:42:37.694270,18,3,1,2021
8276bb4b-d3e4-4d8e-836b-715b9a18a439,2025-01-30 15:42:37.694270,2,10,12,2022
37d630da-5940-4ba4-b389-50db569bd039,2024-03-31 15:42:37.694270,9,19,10,2020
91abb8ea-94ab-44f7-9115-1d87f0053e4c,2024-02-01 15:42:37.694270,3,10,1,2021
6d9f9404-3a6c-4e7c-8b44-dcb60c4b57e7,2024-04-06 15:42:37.694270,14,22,10,2023
e86e5f94-2da4-43ed-a7a8-5962a83afbe0,2024-11-14 15:42:37.694270,22,22,6,2021
9477b8f3-1a13-414b-941e-19230d6be9d2,2024-09-13 15:42:37.694270,17,5,10,2023
5d5136c3-b281-4388-8f2c-3f1915b22483,2024-05-31 15:42:37.694270,8,4,8,2020
5f1ca06b-53d7-470a-90d0-b0cddadf9289,2024-08-08 15:42:37.694270,8,9,7,2021
0b392882-9e9d-435e-806f-db3819ec13cf,2024-10-17 15:42:37.694270,18,20,5,2021
5e6080b6-63f4-40ca-868b-ed85638e73b9,2024-02-27 15:42:37.694270,11,12,9,2023
95d0930a-0791-4b1d-9780-958645665683,2025-01-26 15:42:37.694270,0,15,6,2021
a15e6973-0b3e-429e-b645-5012e786d389,2024-07-24 15:42:37.694270,13,24,10,2022
147f4d04-4f10-4832-825b-8a50ab9fad9e,2025-01-28 15:42:37.694270,22,23,11,2023
8ef3c889-122f-419b-bd20-0517dc71a370,2024-02-01 15:42:37.694270,7,3,7,2021
15ece468-5f04-4271-b78f-86494bc913d9,2024-12-08 15:42:37.694270,15,9,6,2022
e7138a84-4328-498e-a857-c52725fcddad,2024-09-04 15:42:37.694270,5,30,5,2023
7fb19248-6297-4fd4-9987-7fd6d51ce7ad,2024-10-13 15:42:37.694270,12,14,7,2023
fcc9eec5-9563-4e08-8a2b-ba3d267b4126,2025-01-18 15:42:37.694270,22,15,4,2020
ca0e1e54-f09d-4dc8-ada1-1def9525fd35,2024-08-10 15:42:37.694270,6,19,8,2021
303e315e-0850-463d-bcd7-90ef5c8bd35a,2024-06-04 15:42:37.694270,1,29,9,2020
32664cdd-3edc-4816-b7ee-a7c93e4d518a,2024-05-16 15:42:37.694270,17,6,11,2022
713b26b8-2edd-4e64-9e87-ce1be8317f9f,2024-08-02 15:42:37.694270,19,4,2,2022
e2cef0c3-65da-4914-bfb5-8ecdddf13ab5,2024-02-29 15:42:37.694270,10,4,3,2020
ce9d2492-4b79-41e1-841f-931d9f7fd198,2024-04-21 15:42:37.694270,19,15,6,2022
b6250114-052f-4325-9b33-04f032e4fe6d,2024-07-21 15:42:37.694270,15,15,5,2023
8cd0bf86-e25f-4ec6-a423-3edc0d0a29b0,2024-12-11 15:42:37.694270,2,5,2,2021
24b6aebb-236a-4f41-9b7c-bad18af090d0,2025-01-09 15:42:37.694270,3,12,9,2021
7ed9b638-8af3-4d90-a727-ea8cdc040ce0,2024-07-27 15:42:37.694270,7,23,6,2020
e5136c1b-73ac-4ba1-bff5-ec5ab215e775,2024-09-12 15:42:37.694270,6,18,12,2020
12745eba-457d-41ce-86a3-082107b5ee41,2024-12-27 15:42:37.694270,19,7,10,2023
9f59266e-8394-4c2e-97d4-d3c9f7833fc0,2024-07-29 15:42:37.694270,22,12,3,2023
ad1b0097-1288-4201-98cd-65349d95447c,2024-03-18 15:42:37.694270,15,30,12,2021
51e40585-b589-4ead-9973-650bf2017f90,2024-04-24 15:42:37.694270,0,15,4,2021
6a2f0f2a-d8a8-47cd-b34b-49cf6d592a2b,2024-03-27 15:42:37.694270,10,25,2,2022
df5ae022-d660-4828-82fb-672226d24524,2024-04-28 15:42:37.694270,21,20,7,2021
e0ba40eb-cdbe-47c0-a671-b0d572eb2cd7,2024-07-09 15:42:37.694270,2,8,3,2022
4666d107-2e3f-4b84-9c4e-60269a1ba44d,2024-09-25 15:42:37.694270,5,19,12,2022
cd8b91a0-82f3-4160-8ede-2d81702f8df6,2024-10-27 15:42:37.694270,14,5,7,2023
980c3eb4-7839-4935-a7f7-792e002dd42e,2024-05-02 15:42:37.694270,2,17,8,2023
9a5834f4-3ee4-4ecd-942f-75a086cf3cf2,2024-02-03 15:42:37.694270,8,21,8,2023
aa872232-420a-4310-a542-70540a420923,2024-12-05 15:42:37.694270,21,20,8,2021
1f91c954-2e49-4ba9-8931-6f869af940b6,2024-07-22 15:42:37.694270,16,6,9,2023
ae7f9b83-3c52-4f4d-b0d7-03d57d2b361a,2024-03-02 15:42:37.694270,5,23,4,2021
96594b56-7dd9-47ab-a4b1-243df8ebccbe,2024-11-05 15:42:37.694270,17,31,6,2020
16aee709-059f-448b-b5ab-7fd44acece46,2024-08-15 15:42:37.694270,2,7,9,2021
c93904aa-9ea5-48de-adba-07aad9a0f02e,2024-07-27 15:42:37.694270,6,19,11,2021
5ff52d29-374c-4ab8-8f40-d74ee88df9dd,2024-07-27 15:42:37.694270,2,26,10,2023
94493156-067a-451c-abb2-2137e1487d96,2024-11-03 15:42:37.694270,17,12,2,2020
e08acac1-0069-4081-91fc-ff86d28b979d,2024-10-03 15:42:37.694270,19,26,1,2022
79113851-0a1a-4899-b473-cdf52c99620c,2024-11-29 15:42:37.694270,5,22,2,2020
93f6a41e-14d5-40b3-8f1b-86a41a6e83a4,2024-08-01 15:42:37.694270,21,20,12,2023
b056999d-4fe4-4898-a684-b0ebb407eff4,2024-04-09 15:42:37.694270,2,4,2,2021
e7dbc50f-59c5-404f-8d7e-e62507f82664,2024-08-15 15:42:37.694270,6,5,8,2022
16dd4ba5-8359-453b-b321-3c45cbd2da94,2024-06-07 15:42:37.694270,2,21,11,2023
4160c6e2-8777-44b8-b3b5-38a82687c785,2024-12-27 15:42:37.694270,18,21,6,2022
2da83a43-dafb-4484-a2b4-2e2a3d494b1f,2024-04-03 15:42:37.694270,20,20,12,2023
34221227-53a5-4177-8f0c-3d66482f1aa7,2024-03-23 15:42:37.694270,23,18,8,2021
0998da52-bf24-433b-af45-2f0aea2fcbad,2024-08-05 15:42:37.694270,16,5,3,2020
1ae04e4e-9219-4ae0-a35c-78d97f31b3bd,2024-12-21 15:42:37.694270,6,14,2,2022
516b667f-8246-42cc-8a8c-87a50ba1b1d1,2024-05-05 15:42:37.694270,21,1,7,2023
6f992e6c-20f0-4a3f-a323-6b6f82579c0d,2025-01-05 15:42:37.694270,10,25,12,2023
b6c01bd2-3a7b-4798-8f0b-b948eba6bcf6,2024-03-29 15:42:37.694270,21,16,1,2023
22b9829d-c780-44dd-9a58-04c065f3ad19,2025-01-13 15:42:37.694270,10,16,8,2020
a7457499-5dbd-4ffc-af7a-a5c76eb6131b,2024-05-24 15:42:37.694270,0,17,1,2022
7811e294-dcb4-48ba-934e-58f7ddb08881,2024-08-11 15:42:37.694270,23,4,7,2023
91903ae8-c5c8-4169-8b09-d16e318e5323,2024-05-20 15:42:37.694270,1,28,3,2020
a13f82d9-b1de-4ec7-9707-d3ffa841e661,2024-09-10 15:42:37.694270,2,3,12,2021
531c05a3-d38e-42a4-89d9-47c2a8610283,2024-05-31 15:42:37.694270,16,6,5,2023
5f35a802-06d5-4969-bf90-81a65d6fd5a3,2024-05-18 15:42:37.694270,8,14,8,2022
386d5686-26df-4a4b-af65-037a862fc49b,2025-01-14 15:42:37.694270,14,5,8,2020
3a546130-974f-4067-9795-3b57ef65f03a,2024-02-18 15:42:37.694270,20,12,11,2021
2942b47e-4868-4f14-9778-16e2ffb89b70,2024-08-08 15:42:37.694270,16,2,3,2022
e1679208-aef0-41e1-827f-c6ef413ce0e7,2024-10-17 15:42:37.694270,11,11,5,2021
7b1b652d-64a7-4006-98e5-167c240b71ad,2024-03-19 15:42:37.694270,22,13,5,2020
9146ed24-cc53-4be0-9b5a-bccf115b335a,2024-04-20 15:42:37.694270,17,26,6,2020
6b11a8df-15d4-44d2-84a7-cef59dc8e545,2024-07-31 15:42:37.694270,23,24,4,2022
cbc46c0c-4d1a-407e-ad27-33fdd3fabac5,2025-01-04 15:42:37.694270,23,5,2,2022
c42c7759-60a8-45d5-a647-2c19ef5368ea,2025-01-06 15:42:37.694270,7,25,1,2020
3b887bba-eeac-4481-9688-96de2ae0cf0e,2024-10-27 15:42:37.694270,11,7,2,2023
79cc99b3-b106-4884-983a-a828b280f358,2024-02-27 15:42:37.694270,21,26,2,2020
c75250f8-531f-4ea9-91b6-7af56a2c3e39,2024-07-04 15:42:37.694270,18,15,10,2023
3d7951d2-a02a-4758-84c3-0403448e9192,2024-09-08 15:42:37.695271,17,3,5,2021
438aa1d4-b4b0-4e7c-9c6d-b65fb06e6f69,2024-04-17 15:42:37.695271,3,3,3,2022
da83ec48-3980-49d1-8521-622584fc1143,2024-09-15 15:42:37.695271,22,15,6,2020
1d1c8df7-ffa5-4724-b902-643ab06c2660,2024-12-06 15:42:37.695271,20,15,1,2023
fb0c4f20-8015-49b6-bd73-24e0412a12e2,2024-08-12 15:42:37.695271,6,24,10,2022
6a9ae855-d147-4ac6-9365-96acb3c366f1,2024-02-24 15:42:37.695271,3,26,3,2023
10523dd8-74d8-4608-8c13-bacc3efede75,2024-03-25 15:42:37.695271,5,8,6,2020
3c634dae-5562-42f1-9cec-c70c1009eafd,2024-05-21 15:42:37.695271,13,15,9,2023
f420711f-a687-4209-ab5e-12145e5ad7f7,2024-06-02 15:42:37.695271,19,20,8,2021
9fd08751-dde2-4f8a-9a1e-cc043dd18459,2024-03-10 15:42:37.695271,21,16,6,2021
b223d192-4bae-46bc-9f92-9d7e4f216915,2025-01-04 15:42:37.695271,5,20,1,2023
4d1aace8-6192-4dc9-8d2f-71b14af6d0df,2024-10-08 15:42:37.695271,6,28,7,2021
729a5fa7-0a96-4bd1-a404-2c5d0d02875d,2024-06-29 15:42:37.695271,23,17,6,2021
c789d347-36c9-4303-99e7-d8c7ee78f264,2024-08-12 15:42:37.695271,6,14,5,2023
4e11b340-acf1-4973-b1b0-b39ae4b0ff8e,2024-11-20 15:42:37.695271,0,14,4,2020
5ce1ac81-b87c-4e71-ba31-2e99d05c5bee,2024-08-29 15:42:37.695271,20,17,9,2023
c8d5a560-1b2a-4cbf-8e06-b49e6d8025ad,2024-03-01 15:42:37.695271,12,16,7,2023
3ee4296c-f316-4479-92fe-e13b4a80f4df,2024-04-11 15:42:37.695271,6,31,8,2021
bf867292-cdb5-429c-908a-dd566f544970,2024-04-18 15:42:37.695271,10,19,2,2023
2a5ca2b2-8f63-4d7c-b0a3-041ff641a792,2024-02-24 15:42:37.695271,12,6,9,2020
d37990a0-8895-44cb-846a-285091114427,2024-02-13 15:42:37.695271,0,12,2,2023
b7fa5b84-eb4f-4aa1-85a7-e6d9e2670ce9,2024-05-30 15:42:37.695271,4,26,2,2021
4d055c1f-ac1e-4eba-928e-5512ae15e2d0,2024-05-16 15:42:37.695271,5,19,2,2021
ae69ceee-bc2e-4f8d-96e3-fed8028b37e6,2024-09-24 15:42:37.695271,1,22,6,2022
3053f674-b81c-4dfc-ab21-ac3c4b6ad9a7,2024-09-19 15:42:37.695271,18,18,1,2020
47d058b4-0f31-44e7-97b1-1a0602e77e07,2024-05-24 15:42:37.695271,16,20,7,2022
ee26a15e-3e9a-4d4e-9489-0075586f1866,2024-08-18 15:42:37.695271,15,2,9,2022
464418c2-d2af-4972-8c27-85f848b7eb3c,2024-03-31 15:42:37.695271,14,29,11,2021
a9c8630e-b3bd-4cef-b4ea-5f7f67890f7e,2024-06-09 15:42:37.695271,10,27,5,2022
bbd75ea6-5549-4741-85c3-1d1feba8bc87,2024-12-11 15:42:37.695271,13,25,10,2021
49d5890f-7371-4860-a04d-b536884337df,2024-09-07 15:42:37.695271,14,12,6,2021
4ca164e3-bc71-46ca-ba69-3ebe6b9ba396,2024-08-17 15:42:37.695271,20,24,4,2023
01ef566d-7cae-4672-80de-98a71fd610d4,2024-07-23 15:42:37.695271,21,9,8,2021
48106fea-1b22-477a-a615-905454309e2f,2024-03-02 15:42:37.695271,12,25,6,2020
f031b5a3-4483-4625-a95e-0eb084cbc65a,2024-08-14 15:42:37.695271,0,18,12,2022
ac1713d4-28bd-4cc1-b826-9c55ea29da72,2024-09-17 15:42:37.695271,14,19,8,2023
c5b3e57c-7ee3-4803-8bdc-020860e93c09,2024-09-18 15:42:37.695271,12,24,11,2023
9b29005b-1d5c-4f19-a38a-c3e67c9477a5,2024-02-28 15:42:37.695271,15,27,1,2020
ffd80933-fe5a-42b3-8a63-437f821e760d,2024-08-27 15:42:37.695271,18,6,5,2020
ffb8b60c-db74-4cc0-9119-1a5113b8ffd0,2024-12-20 15:42:37.695271,16,22,10,2022
91c7a4a7-e49b-4346-a515-a2789e100f04,2024-04-29 15:42:37.695271,6,8,9,2020
61c49da5-9ec5-4513-9632-946116c042b9,2024-09-11 15:42:37.695271,17,14,6,2020
5e49e5ef-001f-4918-90ef-89fc7e4b7b49,2024-02-05 15:42:37.695271,23,13,7,2022
31c26d7b-a8fc-442d-9fdf-1294d5231a38,2024-04-14 15:42:37.695271,0,2,1,2020
b108b495-650d-4deb-bad4-6885edfae6df,2024-08-23 15:42:37.695271,5,10,8,2020
c2ba4b39-1843-4864-86ba-43573cb46f7b,2024-06-24 15:42:37.695271,0,19,8,2022
a147e07c-56fe-46f5-9f54-0d23c2fe867a,2024-03-11 15:42:37.695271,3,22,10,2021
dc657639-d9a6-449e-9033-689ef2fe02fa,2024-11-25 15:42:37.695271,6,10,8,2023
729d1b76-d7fb-47ed-a1cd-d1ce4cf99cd1,2024-11-24 15:42:37.696271,16,3,12,2020
0249481e-7139-443c-9099-dc0db4a37f99,2024-09-30 15:42:37.696271,9,7,8,2020
df4f7557-6513-4851-8c53-d9b6e4a9187e,2024-06-14 15:42:37.696271,9,21,3,2020
8bf141a3-3757-4bce-a138-b7a3cf69cb29,2024-04-14 15:42:37.696271,8,19,6,2022
33d3c3cc-121b-4ef6-a8c3-8fb8f16ae737,2024-10-24 15:42:37.696271,16,30,2,2022
2b0ca9dc-4bc9-4a15-909a-aae94a61b219,2025-01-27 15:42:37.696271,15,1,6,2023
447c28dc-fbd2-4520-8c3f-9aed67a407ba,2024-06-10 15:42:37.696271,12,6,10,2021
f03fa891-dd35-4ae8-ab6a-551af2941667,2024-08-26 15:42:37.696271,0,20,2,2021
4e61d693-2511-4dd2-b66e-b9b53124cd60,2024-02-23 15:42:37.696271,20,7,11,2023
7f1ce2fc-530e-43ab-be45-9cb1d0168163,2024-10-05 15:42:37.696271,8,11,8,2020
935869e7-cf2e-4911-9ece-eab47c534c5d,2024-02-24 15:42:37.696271,19,1,9,2023
b9d580aa-7530-4fbe-8a59-4b5a7351afdd,2024-02-16 15:42:37.696271,14,4,2,2022
e869fceb-5fc9-4b55-8733-a10d30ec4d4c,2025-01-22 15:42:37.696271,13,27,9,2023
ddfbfb60-781f-4aaa-8583-8c0cc196e8e3,2024-10-01 15:42:37.696271,3,18,12,2020
c5d4248b-1800-464f-979e-88695368547d,2024-07-06 15:42:37.696271,4,31,11,2020
1130ad87-71d5-4ac7-a427-1949372d7c53,2024-11-26 15:42:37.696271,23,12,3,2021
3ffd3232-ff9a-49fb-95a0-a4eb32002f28,2024-11-05 15:42:37.696271,7,2,10,2022
bc9d34ae-26a6-467a-a7c9-15c0b01e9a49,2024-08-12 15:42:37.696271,9,7,8,2020
4b389827-f02f-4700-9718-ad2bce108a80,2024-02-22 15:42:37.696271,1,3,8,2023
2c25b6ff-e48e-48fe-bdbf-a04920b8e1ac,2024-02-22 15:42:37.696271,17,13,10,2023
d28ff53b-26dc-4814-8567-effc4ddb017b,2024-07-13 15:42:37.696271,4,29,1,2021
a17dbad5-bcd9-4836-b8b0-88371e78ba45,2024-05-28 15:42:37.696271,3,7,8,2023
8c422412-0a90-4e4e-86b2-6f0d8a698666,2024-05-01 15:42:37.696271,12,5,8,2022
cc7d8033-532b-4a4d-aef9-40844631d6be,2024-10-10 15:42:37.696271,21,14,6,2021
3ddf7c4e-0e8a-4878-b2c8-61ae457921c9,2025-01-23 15:42:37.696271,3,19,10,2022
f46061cc-bf4c-40c2-a37b-ba0914dd30f3,2024-08-12 15:42:37.696271,1,20,10,2020
373e8dbb-5efe-491e-a64a-953a4986d931,2024-12-25 15:42:37.696271,23,19,5,2020
2d4e160c-49b9-47ab-9b28-d21852bbfd3b,2024-06-24 15:42:37.696271,3,13,10,2023
e4c44f2f-f61b-487e-a9cb-ba3a81617099,2024-10-12 15:42:37.696271,3,10,7,2021
fed8bf18-83db-4499-8d2e-7b82e31fe7cd,2024-04-19 15:42:37.696271,11,5,5,2021
5148f7b7-29f6-4e89-aed5-c007e5cb53fe,2024-09-30 15:42:37.696271,6,16,1,2023
631bddc4-23ad-44bc-ade9-bcde10952800,2025-01-17 15:42:37.696271,1,9,11,2023
4c678359-bbea-4977-ba45-b65c27c7978c,2025-01-24 15:42:37.696271,18,1,8,2022
cbe07b50-dd69-4aee-b09c-d91163d3fbf5,2024-02-07 15:42:37.696271,6,18,7,2023
4a2e6eb5-8c3f-45de-951b-3ad44b213228,2024-09-14 15:42:37.696271,0,2,8,2023
79afd866-300e-4ed3-93bf-c73f940a1b2d,2024-07-09 15:42:37.696271,3,1,7,2021
dafa588a-baf7-4b4e-bb78-4307d0b77ba1,2024-05-19 15:42:37.696271,22,24,1,2020
2fdd8ca3-5785-4618-98bf-647edd13bf1a,2024-11-16 15:42:37.696271,21,4,11,2020
7cd21f7c-6d4d-423a-9d25-df65eabd40c9,2024-11-01 15:42:37.696271,13,14,2,2020
83a39a84-eaa0-4420-9564-a806dad589ad,2025-01-09 15:42:37.696271,16,15,10,2022
0a0c8a23-d7ae-40df-84fa-dae624a3b6c6,2024-06-27 15:42:37.696271,21,25,8,2021
92ac5997-8ca3-49a0-b47d-22d75c6244e6,2024-04-02 15:42:37.696271,12,10,8,2020
09ba7fb7-ec94-4231-9b0c-2a96b55119d1,2024-07-21 15:42:37.696271,6,26,5,2022
9966807e-b815-4e4e-b0b2-03e363c1fedf,2024-07-17 15:42:37.696271,17,19,6,2021
61ec2917-139d-4706-bbab-18cf68d1b00f,2024-04-19 15:42:37.696271,6,4,8,2020
106f99ec-e7db-4eb4-adb6-1107f0518aac,2024-04-17 15:42:37.696271,21,12,6,2022
34a3ce26-0c5a-4a49-b7b5-720fa8c6a1a7,2024-06-09 15:42:37.696271,16,30,3,2022
378c18b4-bf26-44ef-af77-427f8ef36611,2024-07-24 15:42:37.696271,17,18,3,2023
990673af-b2e5-4b72-b89a-2c11b53a78d4,2024-05-07 15:42:37.696271,22,12,6,2020
32426f23-0a8a-48d1-ba0f-e50ba6b7b3f9,2025-01-02 15:42:37.696271,5,30,10,2021
c10b957d-6388-4d31-bb90-8f032a86ec31,2024-03-19 15:42:37.696836,7,31,11,2022
cfbd33c7-14d6-4ff1-a1cd-8ce5c61284b2,2024-03-01 15:42:37.696836,6,24,8,2023
0771eaa8-41ea-4af4-88f8-982ef52aaf68,2024-06-15 15:42:37.696836,18,30,8,2022
09f33dff-4ba1-4f0d-8c46-16cace15d19b,2024-11-19 15:42:37.696836,22,25,8,2023
494c835f-aa11-461e-9e7b-18f1c543d1af,2024-03-03 15:42:37.696836,1,3,12,2023
1801cbfc-f428-4b6b-b4eb-69210edc65a8,2024-10-20 15:42:37.696836,7,27,10,2022
9404bc86-4d15-432a-a441-e500f3110694,2024-02-08 15:42:37.696836,9,11,6,2021
9c434d6f-4cd5-481f-bfee-896ceeba0705,2024-02-29 15:42:37.696836,11,16,3,2021
6437c31c-0228-478b-812d-ddfd5c31978c,2024-11-23 15:42:37.696836,19,12,9,2021
53d2d09e-7ce6-48ef-b335-6f43d07bf6a4,2024-04-13 15:42:37.696836,16,6,6,2020
f27f1be2-c950-4ca8-881f-581b5d0d768b,2024-08-08 15:42:37.696836,7,23,7,2022
48e8db61-e054-4ea3-a582-9d44c45157d8,2024-06-22 15:42:37.696836,12,21,8,2023
654d5581-a694-46e4-9aae-00d75026405c,2024-06-30 15:42:37.696836,10,22,2,2021
d443d98e-4cd4-4eea-a7e7-1d74d9c27be4,2024-02-12 15:42:37.696836,3,8,12,2023
0aee7bf5-3a63-485b-9656-5c180ab9c432,2024-03-14 15:42:37.696836,14,23,12,2020
ec04e07f-39b5-456c-bd80-1225837f8766,2024-08-11 15:42:37.696836,17,8,2,2023
e5ac1efb-5f13-4411-8445-03fe4da8bf69,2024-11-23 15:42:37.696836,4,18,6,2023
5d273d79-05d7-47ed-ab6b-f756a271d370,2024-03-09 15:42:37.696836,22,9,7,2022
3559189c-d74a-4c30-9251-57dcf43392db,2024-05-29 15:42:37.696836,15,31,7,2022
22f77258-737a-4f70-9037-14c1aa83f1ff,2024-03-22 15:42:37.696836,22,10,2,2021
c6e542d7-5d16-47ab-9dde-4277e8b1557a,2024-09-11 15:42:37.696836,17,19,9,2020
99871a91-a6c5-477e-9152-c851c1bbff91,2024-07-13 15:42:37.696836,16,6,8,2023
44ec422b-d27f-4eca-a07c-630e5e0e18bc,2024-06-17 15:42:37.696836,15,19,12,2021
e4d1919b-34fc-434e-97d0-d7d705e59015,2024-06-24 15:42:37.696836,1,8,4,2021
6c499b70-d5eb-42cf-a11c-e3d270515391,2024-02-20 15:42:37.696836,15,5,2,2020
6a0ee6bf-6cb4-4ae6-866d-374e242fce85,2025-01-20 15:42:37.696836,18,13,12,2020
7543b176-d7b4-4d41-b821-d38feb7d91ca,2024-03-28 15:42:37.696836,6,3,9,2023
33136b09-6598-42c1-baed-3f40c0f680f7,2024-07-24 15:42:37.696836,15,13,2,2022
f679655d-7234-4166-8543-26f0aaeb111a,2024-06-19 15:42:37.696836,4,18,7,2020
459f0728-2fa4-440c-9fbd-de5c88a061fa,2024-06-07 15:42:37.696836,19,21,7,2022
196d548b-41fa-4621-a0dc-c66ad1e2b8b7,2024-11-12 15:42:37.696836,10,14,4,2022
64ddea11-3443-4079-b094-38e075f2f3e6,2024-06-20 15:42:37.696836,5,10,7,2021
69702507-1600-46aa-8c1a-5c9e63f9066f,2024-05-02 15:42:37.696836,15,17,9,2023
a1096aa1-efcc-4a4a-ab69-d0e35b249f74,2024-10-23 15:42:37.696836,12,21,10,2021
e7dc7482-b06b-450d-8f7d-e60f6e5ddbbf,2024-04-30 15:42:37.696836,11,18,1,2022
5c1d268b-c69d-45ba-bc9b-5c096b155023,2024-05-30 15:42:37.696836,0,11,6,2022
16b0c389-7a10-42ae-8113-0ea9a8b8f21c,2024-06-24 15:42:37.696836,13,23,4,2021
e66bb5c5-b4a1-42bf-8cf6-b05c6f6bef23,2024-07-07 15:42:37.696836,12,16,10,2022
34cc5458-6b40-4b5e-95a1-043a704d08f2,2024-07-11 15:42:37.696836,11,9,5,2022
3745a4d8-2225-4755-a4ff-0b8a29316ed4,2024-11-09 15:42:37.696836,14,3,11,2021
266a2b8b-5f67-4f0a-8f13-63a40dbd8926,2025-01-26 15:42:37.696836,6,21,7,2023
226398f9-ccf0-47f3-b2aa-b94580290f7d,2024-04-21 15:42:37.696836,17,3,9,2023
128b1b8e-d2cf-42c8-af8d-22a8296ec01d,2024-11-05 15:42:37.696836,13,8,5,2021
fbcaec11-0a8d-4272-8f07-5b79715e59ec,2024-12-15 15:42:37.696836,15,30,9,2021
c0639135-1632-4cce-bf37-940e9fa4c5e9,2024-03-06 15:42:37.696836,15,19,12,2020
03a1e420-8f8f-4df9-bbf7-b332524428ff,2025-01-20 15:42:37.696836,13,31,2,2020
61f8fa3a-b352-4d05-a0a8-d2529cee129e,2024-04-08 15:42:37.696836,10,19,1,2023
9d9bfb5d-d40e-4edc-986e-4f0490132b24,2024-03-29 15:42:37.696836,13,20,4,2021
f1ad49a8-969f-45a4-a456-ab6c048a562f,2024-02-21 15:42:37.696836,11,26,7,2023
ecd6fcc0-5538-4a96-8882-939ce13094fd,2024-11-17 15:42:37.696836,21,24,1,2020
abe5edb8-90a1-44e4-a606-af33ce752db6,2024-05-24 15:42:37.696836,19,3,6,2021
a3ddb5af-446f-4b62-946d-ce83649dd72c,2024-11-04 15:42:37.696836,21,11,5,2021
ac7e9ab6-e6a6-494a-9678-ba3721200291,2024-08-24 15:42:37.696836,18,11,8,2020
f0096a44-01cb-49d1-b7ad-92b98ea6bb5f,2025-01-23 15:42:37.696836,16,27,11,2020
870a0ef8-6543-4797-821d-9a6c7e405502,2024-09-13 15:42:37.696836,20,18,7,2021
e80fbe8e-d030-4d0e-bb5b-2b6dcfa982fa,2024-06-23 15:42:37.696836,2,14,2,2020
0bbcfdae-e878-497f-9e45-54903022fe5f,2024-03-27 15:42:37.696836,0,14,12,2020
ddc76685-3b8f-44ba-9e33-cf3d0d38aec4,2025-01-06 15:42:37.696836,13,28,8,2021
d2de316a-467a-45d0-9f9a-19ae238b3395,2024-10-28 15:42:37.696836,5,8,4,2022
4ad62eb8-6caf-4e25-a62f-54c426e3b01f,2024-09-04 15:42:37.696836,22,28,2,2021
b8534620-77c9-492c-9bcf-a83e4e8a223f,2024-04-15 15:42:37.696836,21,29,2,2020
17ac2d52-4f4e-4d54-b803-17879ab63113,2024-03-26 15:42:37.696836,2,24,3,2020
48e2534e-de17-4626-84a2-ade29091a6a5,2024-10-19 15:42:37.696836,1,31,4,2021
2bf4e93b-d8be-4fd2-85d4-2482c8f97de0,2024-11-22 15:42:37.696836,9,13,5,2022
37ec1492-f0b4-4f1b-8417-5ae0157dff97,2024-03-05 15:42:37.696836,5,26,3,2023
d4958bc0-1bbd-4ae6-b440-0b476ae4250e,2024-08-01 15:42:37.696836,16,24,7,2022
bf1020b0-4a66-4c17-9f0e-aed4595b2f04,2024-03-15 15:42:37.696836,0,8,1,2022
71c2aa00-7302-4c2d-9d66-a925a99ec73b,2024-12-22 15:42:37.696836,8,31,3,2021
25d6c2c0-f322-4dc9-8cc5-7650b3353ca5,2024-12-03 15:42:37.696836,7,1,6,2020
18393c70-72ca-49f6-ba69-fb4383e64310,2024-05-19 15:42:37.696836,2,7,2,2022
7aa601d2-044b-45a3-8214-39310dcb9dba,2024-03-10 15:42:37.696836,3,30,5,2022
2fbea6cd-db79-4495-bca0-459f95a74f37,2024-12-31 15:42:37.696836,6,17,6,2022
5b68f3a3-60cd-4830-9072-ec697b5ca7c0,2024-02-26 15:42:37.696836,4,25,12,2022
caf157d8-c9d6-472a-83fd-e94fbf6eb11f,2024-07-20 15:42:37.696836,6,1,11,2021
5e2a8462-82b8-4779-acdb-3a9aa6fa7ff2,2024-06-04 15:42:37.696836,0,15,3,2023
ce5225f0-a54d-401f-9cc3-951ab8d863bb,2024-02-14 15:42:37.696836,9,20,5,2021
0caf7eed-64ae-47f5-814f-7627cfe7831c,2024-03-17 15:42:37.696836,10,21,1,2020
c10b62ac-b74b-4793-9032-f0b540499b3e,2024-04-22 15:42:37.696836,0,26,3,2023
6a030b30-5f6d-4fd3-bac8-52ce95ee5722,2024-03-18 15:42:37.696836,4,20,6,2022
ef27f144-b347-4dfb-8320-37a94092a835,2024-08-08 15:42:37.696836,14,24,5,2023
68d9d674-21a8-4af4-a4e9-18f0c2388ce9,2024-04-27 15:42:37.696836,13,26,9,2022
3ed43f2a-357f-48aa-9f09-1f3a64eaf708,2024-08-04 15:42:37.696836,21,18,10,2020
d52cf325-b88a-4731-9cd8-4fb129e0d2fc,2024-06-13 15:42:37.696836,17,20,9,2022
a4e8d541-97b3-4a3a-b23b-8ca3e64b7391,2024-07-29 15:42:37.696836,20,27,5,2021
05fabce7-82c1-4f9a-9375-a5acf7735977,2024-04-05 15:42:37.696836,22,3,7,2022
9a657d45-1d26-4336-8054-cdd2017d0aef,2024-11-28 15:42:37.696836,3,31,2,2022
232984a8-c6d4-4ef3-9acb-a6c78c13593c,2025-01-15 15:42:37.696836,23,16,11,2022
2186feec-2946-4c68-89c1-13e5c3c7d855,2024-02-14 15:42:37.696836,11,8,12,2022
63268eb6-690f-49a7-a611-19401b0e0e85,2024-02-21 15:42:37.696836,11,11,4,2023
36fa6b73-eac6-4ed6-8875-8e4ec25ce193,2024-10-29 15:42:37.696836,16,5,12,2022
1d3b09fc-7a9f-4d20-b1bc-7a7564413342,2024-08-20 15:42:37.696836,22,30,10,2020
85c72e53-0e89-42ae-b776-e2a535dce5a2,2024-10-02 15:42:37.696836,4,24,10,2020
177d8e46-2b6d-439b-8395-5d9afd188ac3,2025-01-15 15:42:37.696836,8,9,8,2022
03b78576-ce3c-40fa-a05d-2090aff45834,2024-05-31 15:42:37.696836,23,6,11,2021
ce2d3029-7060-4df5-b7f4-f57312c4990a,2024-02-10 15:42:37.696836,22,7,4,2020
b3a101a0-79bb-40de-bd70-987805cb7aed,2024-06-23 15:42:37.696836,4,18,10,2020
d8a07045-7615-4ae5-9d91-7b6bea6242c1,2024-06-08 15:42:37.696836,0,26,11,2020
1079266d-65e5-4fe7-9895-8b7449fdedac,2024-04-09 15:42:37.696836,23,2,12,2021
0a39f6be-a04a-4f31-837b-9067ebd93863,2024-05-17 15:42:37.696836,12,9,11,2022
78618704-f020-4e22-8d48-6a14cd945b68,2024-04-17 15:42:37.696836,21,13,12,2021
e74dc1da-e5f4-4e35-aa62-27a16c0dc1c6,2024-09-25 15:42:37.696836,21,5,9,2020
cf38040a-069f-4c79-bbfa-b986de6b9399,2024-05-06 15:42:37.696836,10,3,12,2021
b051c7a5-2d89-4cbd-b46d-28c2d9a4b19a,2024-08-30 15:42:37.696836,7,16,7,2022
9954b555-3b10-41d2-8ab6-7c9a8f087830,2024-10-01 15:42:37.696836,17,26,12,2023
7435d555-b13e-436c-8788-01a2c85e7f9f,2025-01-26 15:42:37.696836,20,5,10,2023
5e55cd92-cf97-495f-89dc-9828a88c59e7,2024-10-20 15:42:37.696836,15,16,6,2021
c6f43a6f-6a11-46c3-9365-0b0f47c9c7d0,2024-08-26 15:42:37.696836,2,30,4,2020
ce71fe22-d667-4604-abf6-373d62a0cdc4,2024-07-30 15:42:37.696836,5,24,12,2020
7b0117ee-640c-4276-a137-1c71f703f337,2024-07-25 15:42:37.696836,21,6,4,2020
e6d951ec-5d8b-498d-ac2b-ecb7adf53654,2024-08-23 15:42:37.697847,17,18,9,2023
e19ae633-c38d-4752-91c9-90a0b4061893,2024-12-12 15:42:37.697847,16,25,7,2022
ba0a9c93-46d1-4eb5-9b86-7e0ccd867ba1,2024-10-17 15:42:37.697847,13,25,6,2023
5123e497-6cc5-4140-ab46-4104b83e942a,2024-03-10 15:42:37.697847,21,13,3,2023
0729f308-5132-4fc4-909c-fbe43dc3ff91,2024-09-17 15:42:37.697847,16,4,11,2021
691a9ece-cb55-4fab-81c4-97ba9763e3d8,2024-04-12 15:42:37.697847,15,21,7,2023
f29ba1fe-1402-47d9-8309-5e3cfa52255c,2024-08-08 15:42:37.697847,23,18,3,2022
4e82c85a-4888-415f-b1d7-f31aff1ad9ee,2024-08-29 15:42:37.697847,10,7,10,2023
bce5d2c8-3aa7-48e8-8f1d-c17621122e27,2024-07-21 15:42:37.697847,22,24,4,2021
1ddf32f5-91ee-46e7-91cd-2154a6dc3ba7,2024-09-05 15:42:37.697847,23,24,5,2023
6136eeb8-8ea1-40bc-8ab0-06e4f03f0ca8,2024-06-21 15:42:37.697847,19,6,10,2023
97675852-967d-47ea-8077-95d98f605a07,2024-06-16 15:42:37.697847,10,17,5,2023
3fc2b188-47fd-46b7-b248-a6e6f1d0a8b3,2025-01-25 15:42:37.697847,10,2,6,2020
0e440ef7-12fd-4f7d-9a0b-6578e1887194,2024-09-06 15:42:37.697847,15,2,5,2023
addcea3e-c356-4b22-aba1-b60a6d0cfecf,2024-09-09 15:42:37.697847,13,9,1,2023
d1b1d809-93fe-4573-9ced-997d981a5c83,2024-08-30 15:42:37.697847,1,26,9,2023
2bbedc6f-8e8a-4b7c-849d-ec4fdde52238,2024-03-19 15:42:37.697847,18,3,11,2023
5275a59b-6902-478c-aaad-4c9c22c70145,2024-08-15 15:42:37.697847,8,25,6,2023
c960adb3-00d8-46d7-a881-3c840d81be17,2024-09-10 15:42:37.697847,14,22,11,2021
4467d4f5-2905-490a-ba21-b72a918e0129,2024-09-11 15:42:37.697847,6,19,10,2020
0801dce8-1c57-4587-a325-0ccda642e0fb,2024-08-22 15:42:37.697847,8,2,2,2023
1fde699c-9513-4f5f-8b51-738fb33c7a29,2024-09-24 15:42:37.697847,19,20,7,2022
79f0d86b-8814-4afc-8444-5cdc7ba18b8c,2024-11-28 15:42:37.697847,12,5,1,2022
57b363fb-c5bf-45e5-89a1-abb726f2324d,2024-05-03 15:42:37.697847,5,8,9,2023
48677d45-9cf6-40ce-8050-ca5c309853b5,2024-11-20 15:42:37.697847,3,12,7,2022
88bc5630-a54b-4e26-bd0b-30924ee5594a,2025-01-11 15:42:37.697847,18,20,8,2022
60dcdad6-39e5-4ded-adf8-212fbe29c604,2024-05-27 15:42:37.697847,6,14,11,2022
8028b1b4-ccdd-4341-aac5-d88d15610b64,2024-12-26 15:42:37.697847,8,11,7,2023
0a7afe3b-ba10-44a8-8cf2-2230b540a098,2024-11-13 15:42:37.697847,5,30,10,2022
b6683e2c-6887-4cf6-9977-97e58c24a150,2024-06-30 15:42:37.697847,23,26,11,2022
0773ba23-813c-4bde-9d40-47c7a3ee8ac6,2024-05-30 15:42:37.697847,4,5,8,2021
6865359e-fcc3-47f3-9ba1-54b1b928c106,2024-08-10 15:42:37.697847,0,16,1,2022
22ba388f-19f9-43b5-b104-16fb1ad13a45,2024-05-28 15:42:37.697847,7,31,7,2020
aba3f2a4-7366-4672-a7ff-97c327aba21f,2024-10-17 15:42:37.697847,7,29,2,2021
58552fb6-03d3-4cc7-a33e-5d681f509384,2024-09-09 15:42:37.697847,14,9,11,2022
e88c84eb-de4e-48df-9da0-f4a1f2dcca11,2024-03-30 15:42:37.697847,1,6,10,2020
2d88b499-5f45-498b-8e08-f701a11b7907,2024-04-05 15:42:37.697847,16,4,3,2020
82412633-e184-445e-8af5-627b55b33d44,2024-03-19 15:42:37.697847,5,12,9,2021
157aeb50-7ba4-4ede-b95b-77fd438027bd,2025-01-02 15:42:37.697847,18,17,10,2020
ccc39bae-2600-4e57-9069-b1edc7f94e9a,2024-07-05 15:42:37.697847,0,15,5,2022
27ca7bec-e6d3-44cf-b8b3-fb98f0336741,2024-06-04 15:42:37.697847,4,20,9,2023
f7e7b139-43bc-45e9-a715-1645144cf600,2024-05-22 15:42:37.697847,7,8,10,2021
398aa8f8-948d-47cd-88e0-faa877a7b469,2024-03-20 15:42:37.697847,20,8,2,2022
d7ec6652-781f-411c-b587-808b63b259bc,2024-07-05 15:42:37.697847,11,26,4,2023
acb37748-5b27-484a-8e82-bf417133d78e,2024-03-01 15:42:37.697847,6,15,11,2020
d43f252b-0975-4e49-bf92-3f5d7cf7b1be,2024-05-24 15:42:37.697847,10,4,3,2021
02f59b93-c09b-4125-b17e-f1ab8d457a29,2024-02-07 15:42:37.697847,12,17,6,2022
dc04d823-0574-46fb-9f1e-394248b36897,2024-03-25 15:42:37.697847,18,29,4,2023
b398e691-d86e-4712-9d35-96e72ff27ba9,2024-11-05 15:42:37.697847,10,9,10,2021
7b0d9f88-6998-4bbf-92e8-f5983c56f3ec,2024-11-08 15:42:37.697847,10,20,7,2020
b57bd7cd-342f-4610-8c84-d3bc2f4f26da,2024-12-18 15:42:37.697847,18,17,6,2020
7282d3e9-9232-4a7e-bedf-4a533ebcaa27,2024-04-03 15:42:37.697847,0,30,2,2021
fbdf194b-6547-4e67-9231-e267687d691e,2024-11-28 15:42:37.697847,13,6,2,2023
73c6b694-6024-4873-836e-f7ca29bc0d01,2024-12-14 15:42:37.697847,21,20,7,2023
13ca48c9-b7a5-4afe-8f12-6dee7ef7f909,2024-09-15 15:42:37.697847,18,24,3,2021
16a266f4-c985-4c2b-a22d-07c253979196,2024-10-30 15:42:37.697847,1,5,3,2023
23ea6828-fcc3-4fa7-a5ce-56419db9cc4a,2024-05-10 15:42:37.697847,0,19,2,2021
9d2f47e9-5a09-43ba-8715-067b7cce55aa,2024-09-04 15:42:37.697847,8,14,1,2023
ed80d899-1adf-4303-a23a-5411bcfbab0f,2024-08-01 15:42:37.697847,4,4,10,2022
21d81e7a-6bd9-4e82-a791-dc0454f95248,2024-05-10 15:42:37.697847,0,13,5,2020
593f2b0d-d061-42ed-9669-7133b3b44df5,2025-01-13 15:42:37.697847,14,27,10,2023
787fa95c-de31-4a82-bb3b-5c663a7dc799,2025-01-10 15:42:37.697847,23,24,11,2022
b8d9718a-1391-4bf6-9f2d-34584e3e753a,2024-02-21 15:42:37.697847,14,6,4,2023
00c71ea8-4931-4f04-9757-6299ea9c192d,2024-10-13 15:42:37.697847,5,24,7,2022
ca67c162-4b59-4711-99a4-27757d82af2c,2024-03-18 15:42:37.697847,11,5,5,2023
f89d73aa-7dde-45b5-9dc2-d2668975f121,2024-03-04 15:42:37.697847,0,11,6,2021
07ba2d3a-372f-488f-84b5-5b0e7ddb4f4d,2024-06-07 15:42:37.697847,11,4,12,2020
12ce08f1-f48f-46ac-a6a6-55dc02781465,2024-11-22 15:42:37.697847,19,16,9,2023
aeb52e0d-7f43-46e3-a985-a7ec61d3a5f6,2024-07-31 15:42:37.697847,3,24,3,2020
94a7bd3c-36f0-4604-948b-25aaf01f287b,2024-12-18 15:42:37.697847,16,8,5,2022
7b682865-fa69-46f2-a55f-4bc66a2a0f98,2024-07-21 15:42:37.697847,6,19,11,2020
f90dbc96-894d-4723-b8b5-fcac8a0dcf88,2025-01-17 15:42:37.697847,4,1,5,2022
e108c931-4c97-4663-b440-c3151edf2e14,2024-03-30 15:42:37.697847,11,3,11,2022
05753716-1d51-4731-8790-13afcc446c42,2025-01-18 15:42:37.697847,17,8,8,2021
8aa2746e-ef93-4796-a9a1-935c737e2dcb,2024-06-30 15:42:37.697847,3,21,11,2022
b4775a53-ba96-4053-8f94-5baf83faa006,2024-02-19 15:42:37.697847,20,22,1,2021
c3b0f6f0-e86e-4732-bd38-f12ffc9ec0c7,2024-09-02 15:42:37.697847,15,6,8,2022
76c03fcb-3f1b-4fdc-8727-c7c384a1a2d7,2024-03-09 15:42:37.697847,18,15,8,2020
2eec2691-5896-437b-ad5a-b9a73fa34846,2024-12-04 15:42:37.697847,11,4,11,2021
3afba329-aa1a-44aa-b86e-685d65efef0c,2024-10-27 15:42:37.697847,2,14,5,2021
a6bd5d2d-1d90-49dd-ab68-930ef29c617a,2024-06-01 15:42:37.697847,3,4,4,2023
1a75cd66-2541-4278-a00c-2fd5cf33b197,2024-10-05 15:42:37.697847,7,1,1,2020
5e43ebfe-c85d-41fe-8f0a-0eed687293d1,2024-12-18 15:42:37.697847,19,10,4,2022
b77163a0-dd7d-4f17-a557-58788f1e9eb9,2024-04-07 15:42:37.697847,3,28,1,2022
142947a5-d89d-4629-9acd-de1c2a2052cc,2024-12-21 15:42:37.697847,22,23,5,2021
9b01c551-6cca-4680-890b-f36de698f9a6,2024-08-29 15:42:37.697847,7,30,2,2021
7df69bdc-f9a6-4b07-ae24-3225e971d52c,2024-04-28 15:42:37.697847,13,11,10,2020
b89364e7-a008-4227-8bdc-322d6d1640e1,2024-02-11 15:42:37.697847,23,14,1,2022
410c6d59-6547-426b-a047-3733302ccd64,2024-12-04 15:42:37.697847,16,26,9,2023
7c01603f-9f2f-49be-bab9-ed31f4a14cc1,2024-12-02 15:42:37.697847,8,7,6,2020
7eff8ad9-e659-4d17-bdf2-215bc41bb72c,2024-06-03 15:42:37.697847,5,5,7,2023
9b580315-d598-4e51-b915-3f0905110794,2024-04-06 15:42:37.697847,13,16,12,2021
49022414-8f75-49af-bce8-c525e0bb9dd1,2024-07-03 15:42:37.697847,0,11,1,2022
56c45992-dee5-431d-829a-6688d141ca86,2024-12-21 15:42:37.697847,18,24,7,2023
80406c51-aed2-412c-bdf2-eb0dc6aefe47,2024-12-17 15:42:37.697847,15,14,10,2023
77ee374f-7a45-4894-ada6-7e3cbbcb560f,2024-03-06 15:42:37.697847,9,21,8,2023
8697c413-8ca5-4f93-a906-95226215e170,2024-10-24 15:42:37.697847,17,7,12,2022
9ea1f517-07bd-4895-9cbc-a6810c5b0976,2025-01-27 15:42:37.697847,19,9,11,2020
bfc6c8a2-e665-417e-a500-753c63ec4194,2024-10-06 15:42:37.697847,13,8,2,2020
a50fb639-eea8-4f29-b5b1-2190dd67f272,2024-12-21 15:42:37.697847,4,12,5,2023
8ad3f7ca-adc6-4fda-9af4-09cfbf979605,2024-10-19 15:42:37.697847,23,1,2,2020
2b6deba5-289d-4d1e-a0d4-2448422e38f7,2024-05-18 15:42:37.697847,2,20,6,2022
8bafbb05-9610-47c5-b770-6398c216b458,2024-05-22 15:42:37.697847,12,9,5,2023
c1ab79e2-426c-46a0-b563-62b3754c36f8,2024-10-13 15:42:37.697847,4,10,1,2023
a5ffd849-eb9a-47da-842c-1d319967a186,2024-05-27 15:42:37.697847,1,7,11,2023
c2523236-5b5b-47a2-9bb8-f7280adcccdd,2024-08-16 15:42:37.697847,23,27,7,2020
9de187a4-9e4c-427d-94cb-a4f0e26cef1c,2024-12-22 15:42:37.697847,21,23,6,2023
36aa8cc3-0e97-4aae-aff7-9bab577bb433,2024-09-18 15:42:37.697847,11,19,11,2022
20c776e8-49b1-4452-85e2-fd852368833c,2024-09-04 15:42:37.697847,18,4,7,2022
5089011d-333d-4ee7-bcd2-982ec94e2541,2024-11-22 15:42:37.697847,0,16,3,2020
317b80e0-d573-4d98-b92f-4453426eae48,2024-10-15 15:42:37.697847,13,17,9,2023
020c9a65-a308-49b3-8b0c-0f9bbb083932,2024-05-02 15:42:37.697847,16,7,2,2021
